number,published_at,lib
0.0.1,2018-10-31T14:26:14.486Z,@date-io/date-fns
0.0.2,2018-11-07T16:32:31.075Z,@date-io/date-fns
1.0.0,2019-01-10T12:28:35.309Z,@date-io/date-fns
1.0.1,2019-01-10T15:09:19.849Z,@date-io/date-fns
1.0.2,2019-01-28T19:15:29.908Z,@date-io/date-fns
1.0.3,2019-02-07T15:38:39.450Z,@date-io/date-fns
1.0.4,2019-02-08T11:28:52.500Z,@date-io/date-fns
1.1.0,2019-02-09T16:05:26.738Z,@date-io/date-fns
1.2.0,2019-04-19T08:44:43.573Z,@date-io/date-fns
1.3.0,2019-04-22T08:00:40.089Z,@date-io/date-fns
1.3.11,2019-09-07T08:59:42.497Z,@date-io/date-fns
1.3.12,2019-12-03T16:00:49.772Z,@date-io/date-fns
1.3.13,2019-12-05T14:06:06.645Z,@date-io/date-fns
1.3.2,2019-04-22T12:15:31.115Z,@date-io/date-fns
1.3.4,2019-04-22T15:07:39.614Z,@date-io/date-fns
1.3.5,2019-04-22T15:25:59.397Z,@date-io/date-fns
1.3.6,2019-05-23T17:58:40.493Z,@date-io/date-fns
1.3.7,2019-06-16T14:21:18.564Z,@date-io/date-fns
1.3.8,2019-06-29T17:00:19.703Z,@date-io/date-fns
1.3.9,2019-08-04T08:37:07.643Z,@date-io/date-fns
2.0.0,2020-01-04T18:12:07.329Z,@date-io/date-fns
2.0.1,2020-01-05T09:42:58.947Z,@date-io/date-fns
2.1.0,2020-01-30T11:59:57.247Z,@date-io/date-fns
2.10.0,2020-09-15T12:36:27.621Z,@date-io/date-fns
2.10.2,2020-09-15T18:25:38.994Z,@date-io/date-fns
2.10.4,2020-09-15T18:31:24.211Z,@date-io/date-fns
2.10.5,2020-09-15T18:32:52.383Z,@date-io/date-fns
2.10.6,2020-09-15T18:39:51.650Z,@date-io/date-fns
2.10.7,2021-01-31T11:06:17.677Z,@date-io/date-fns
2.2.0,2020-01-31T10:48:24.162Z,@date-io/date-fns
2.3.0,2020-02-07T08:13:23.207Z,@date-io/date-fns
2.4.0,2020-02-11T14:46:37.384Z,@date-io/date-fns
2.5.0,2020-03-26T19:45:56.488Z,@date-io/date-fns
2.6.0,2020-04-15T14:25:21.416Z,@date-io/date-fns
2.6.1,2020-04-17T09:01:35.712Z,@date-io/date-fns
2.6.2,2020-05-25T11:09:08.542Z,@date-io/date-fns
2.8.0,2020-07-15T07:58:41.250Z,@date-io/date-fns
2.8.1,2020-08-24T17:13:10.723Z,@date-io/date-fns
2.9.1,2020-09-09T12:29:32.539Z,@date-io/date-fns
2.9.2,2020-09-15T12:35:01.228Z,@date-io/date-fns
1.0.0,2018-05-17T22:04:14.808Z,@material-ui/core
1.0.0-rc.0,2018-05-13T19:08:07.809Z,@material-ui/core
1.0.0-rc.1,2018-05-15T21:14:28.195Z,@material-ui/core
1.1.0,2018-05-26T14:52:29.040Z,@material-ui/core
1.2.0,2018-06-03T15:26:09.761Z,@material-ui/core
1.2.1,2018-06-10T09:46:02.478Z,@material-ui/core
1.2.2,2018-06-18T18:34:22.764Z,@material-ui/core
1.2.3,2018-06-20T21:38:52.005Z,@material-ui/core
1.3.0,2018-06-26T10:53:26.067Z,@material-ui/core
1.3.1,2018-07-02T20:06:19.068Z,@material-ui/core
1.4.0,2018-07-14T15:01:14.872Z,@material-ui/core
1.4.1,2018-07-22T21:37:15.566Z,@material-ui/core
1.4.2,2018-07-29T14:37:54.479Z,@material-ui/core
1.4.3,2018-08-04T10:25:15.735Z,@material-ui/core
1.5.0,2018-08-12T20:40:07.065Z,@material-ui/core
1.5.1,2018-08-19T21:10:40.298Z,@material-ui/core
3.0.0,2018-08-27T16:03:47.222Z,@material-ui/core
3.0.1,2018-08-28T22:03:17.477Z,@material-ui/core
3.0.2,2018-09-03T21:14:02.153Z,@material-ui/core
3.0.3,2018-09-08T22:44:31.642Z,@material-ui/core
3.1.0,2018-09-16T21:29:30.746Z,@material-ui/core
3.1.1,2018-09-23T22:52:11.658Z,@material-ui/core
3.1.2,2018-09-30T17:15:04.857Z,@material-ui/core
3.2.0,2018-10-07T22:43:15.056Z,@material-ui/core
3.2.1,2018-10-14T21:03:33.689Z,@material-ui/core
3.2.2,2018-10-15T22:10:08.414Z,@material-ui/core
3.3.0,2018-10-21T21:27:11.644Z,@material-ui/core
3.3.1,2018-10-23T22:15:45.721Z,@material-ui/core
3.3.2,2018-10-27T20:15:43.010Z,@material-ui/core
3.4.0,2018-11-04T23:39:52.070Z,@material-ui/core
3.5.0,2018-11-12T22:46:28.827Z,@material-ui/core
3.5.1,2018-11-12T23:11:33.442Z,@material-ui/core
3.6.0,2018-11-26T19:47:39.605Z,@material-ui/core
3.6.1,2018-12-01T10:43:37.933Z,@material-ui/core
3.6.2,2018-12-09T20:22:34.133Z,@material-ui/core
3.7.0,2018-12-17T20:02:10.293Z,@material-ui/core
3.7.1,2018-12-22T15:32:21.764Z,@material-ui/core
3.8.0,2018-12-30T21:23:01.299Z,@material-ui/core
3.8.1,2018-12-30T21:29:05.228Z,@material-ui/core
3.8.2,2019-01-07T18:48:59.257Z,@material-ui/core
3.8.3,2019-01-09T21:57:28.575Z,@material-ui/core
3.9.0,2019-01-14T21:58:47.659Z,@material-ui/core
3.9.1,2019-01-26T13:59:24.536Z,@material-ui/core
3.9.2,2019-02-03T20:31:47.007Z,@material-ui/core
3.9.3,2019-03-28T14:05:59.029Z,@material-ui/core
3.9.4,2019-11-28T09:28:14.936Z,@material-ui/core
4.0.0,2019-05-23T15:45:31.768Z,@material-ui/core
4.0.0-alpha.0,2019-02-12T14:28:05.615Z,@material-ui/core
4.0.0-alpha.1,2019-02-20T10:56:03.678Z,@material-ui/core
4.0.0-alpha.2,2019-03-03T16:12:31.613Z,@material-ui/core
4.0.0-alpha.3,2019-03-10T11:58:13.189Z,@material-ui/core
4.0.0-alpha.4,2019-03-17T10:58:19.817Z,@material-ui/core
4.0.0-alpha.5,2019-03-23T21:02:43.854Z,@material-ui/core
4.0.0-alpha.6,2019-03-30T19:33:14.055Z,@material-ui/core
4.0.0-alpha.7,2019-04-07T23:25:18.551Z,@material-ui/core
4.0.0-alpha.8,2019-04-17T19:49:35.900Z,@material-ui/core
4.0.0-beta.0,2019-04-28T22:36:25.900Z,@material-ui/core
4.0.0-beta.1,2019-05-05T12:22:10.089Z,@material-ui/core
4.0.0-beta.2,2019-05-13T12:25:28.503Z,@material-ui/core
4.0.0-rc.0,2019-05-20T21:32:35.134Z,@material-ui/core
4.0.1,2019-05-27T12:44:43.385Z,@material-ui/core
4.0.2,2019-06-03T16:34:49.944Z,@material-ui/core
4.1.0,2019-06-10T11:47:42.288Z,@material-ui/core
4.10.0,2020-05-23T17:47:50.821Z,@material-ui/core
4.10.1,2020-06-01T15:14:05.272Z,@material-ui/core
4.10.2,2020-06-11T19:11:01.487Z,@material-ui/core
4.1.1,2019-06-13T09:53:21.126Z,@material-ui/core
4.11.0,2020-06-30T23:34:07.509Z,@material-ui/core
4.11.1,2020-11-24T14:35:31.499Z,@material-ui/core
4.11.2,2020-12-02T23:47:55.471Z,@material-ui/core
4.11.3,2021-01-24T12:43:39.405Z,@material-ui/core
4.11.3-deprecations.0,2021-01-24T11:45:58.206Z,@material-ui/core
4.11.3-deprecations.1,2021-01-25T23:31:33.986Z,@material-ui/core
4.1.2,2019-06-23T11:42:03.661Z,@material-ui/core
4.1.3,2019-06-25T13:46:22.891Z,@material-ui/core
4.2.0,2019-07-06T15:29:20.685Z,@material-ui/core
4.2.1,2019-07-17T13:42:30.915Z,@material-ui/core
4.3.0,2019-07-28T14:29:38.162Z,@material-ui/core
4.3.1,2019-08-03T15:12:49.616Z,@material-ui/core
4.3.2,2019-08-10T17:41:16.098Z,@material-ui/core
4.3.3,2019-08-21T17:29:18.825Z,@material-ui/core
4.4.0,2019-08-31T12:16:09.039Z,@material-ui/core
4.4.1,2019-09-08T09:56:43.607Z,@material-ui/core
4.4.2,2019-09-11T20:45:03.963Z,@material-ui/core
4.4.3,2019-09-22T17:14:24.938Z,@material-ui/core
4.5.0,2019-10-02T08:05:13.803Z,@material-ui/core
4.5.1,2019-10-12T20:22:01.718Z,@material-ui/core
4.5.2,2019-10-28T22:56:11.159Z,@material-ui/core
4.6.0,2019-11-05T16:45:42.330Z,@material-ui/core
4.6.1,2019-11-12T13:51:32.741Z,@material-ui/core
4.7.0,2019-11-22T10:49:24.098Z,@material-ui/core
4.7.1,2019-12-01T10:59:11.486Z,@material-ui/core
4.7.2,2019-12-07T12:46:40.520Z,@material-ui/core
4.8.0,2019-12-14T19:59:25.766Z,@material-ui/core
4.8.1,2019-12-24T10:35:21.706Z,@material-ui/core
4.8.2,2019-12-30T10:58:54.211Z,@material-ui/core
4.8.3,2020-01-06T11:43:54.969Z,@material-ui/core
4.9.0,2020-01-22T20:55:14.131Z,@material-ui/core
4.9.1,2020-02-02T11:45:26.223Z,@material-ui/core
4.9.10,2020-04-11T13:34:55.351Z,@material-ui/core
4.9.11,2020-04-18T10:43:45.055Z,@material-ui/core
4.9.12,2020-04-26T23:18:07.311Z,@material-ui/core
4.9.13,2020-05-04T11:29:11.716Z,@material-ui/core
4.9.14,2020-05-11T22:41:20.974Z,@material-ui/core
4.9.2,2020-02-09T18:27:29.621Z,@material-ui/core
4.9.3,2020-02-16T11:55:15.013Z,@material-ui/core
4.9.4,2020-02-23T10:50:24.945Z,@material-ui/core
4.9.5,2020-02-29T10:35:55.242Z,@material-ui/core
4.9.6,2020-03-18T10:52:41.422Z,@material-ui/core
4.9.7,2020-03-18T12:51:10.571Z,@material-ui/core
4.9.8,2020-03-28T19:32:35.031Z,@material-ui/core
4.9.9,2020-04-04T15:54:18.260Z,@material-ui/core
5.0.0-alpha.1,2020-06-27T15:01:29.986Z,@material-ui/core
5.0.0-alpha.10,2020-09-15T08:10:13.256Z,@material-ui/core
5.0.0-alpha.11,2020-09-26T15:07:17.182Z,@material-ui/core
5.0.0-alpha.12,2020-10-10T22:31:51.838Z,@material-ui/core
5.0.0-alpha.13,2020-10-17T21:46:55.827Z,@material-ui/core
5.0.0-alpha.14,2020-10-23T22:58:45.489Z,@material-ui/core
5.0.0-alpha.15,2020-11-04T22:27:54.017Z,@material-ui/core
5.0.0-alpha.16,2020-11-14T12:00:47.457Z,@material-ui/core
5.0.0-alpha.17,2020-11-23T00:47:02.481Z,@material-ui/core
5.0.0-alpha.18,2020-12-02T23:21:13.446Z,@material-ui/core
5.0.0-alpha.19,2020-12-13T17:21:06.242Z,@material-ui/core
5.0.0-alpha.2,2020-07-04T23:15:58.606Z,@material-ui/core
5.0.0-alpha.20,2020-12-21T17:45:39.497Z,@material-ui/core
5.0.0-alpha.21,2020-12-30T17:33:27.240Z,@material-ui/core
5.0.0-alpha.22,2021-01-04T11:15:47.734Z,@material-ui/core
5.0.0-alpha.23,2021-01-14T12:50:43.679Z,@material-ui/core
5.0.0-alpha.24,2021-01-26T14:08:46.925Z,@material-ui/core
5.0.0-alpha.25,2021-02-11T12:50:33.643Z,@material-ui/core
5.0.0-alpha.26,2021-02-27T18:39:40.705Z,@material-ui/core
5.0.0-alpha.27,2021-03-05T13:01:20.941Z,@material-ui/core
5.0.0-alpha.28,2021-03-24T12:54:50.435Z,@material-ui/core
5.0.0-alpha.29,2021-04-04T16:42:50.717Z,@material-ui/core
5.0.0-alpha.3,2020-07-12T17:07:16.641Z,@material-ui/core
5.0.0-alpha.4,2020-07-19T17:51:11.733Z,@material-ui/core
5.0.0-alpha.5,2020-07-27T22:55:24.188Z,@material-ui/core
5.0.0-alpha.6,2020-08-13T16:55:00.209Z,@material-ui/core
5.0.0-alpha.7,2020-08-22T16:37:20.971Z,@material-ui/core
5.0.0-alpha.8,2020-08-31T16:10:01.499Z,@material-ui/core
5.0.0-alpha.9,2020-09-06T16:55:03.551Z,@material-ui/core
1.0.0,2018-05-17T22:06:07.565Z,@material-ui/icons
1.0.0-beta.41,2018-04-07T18:38:37.579Z,@material-ui/icons
1.0.0-beta.42,2018-04-07T18:43:08.138Z,@material-ui/icons
1.0.0-beta.43,2018-04-22T10:37:31.435Z,@material-ui/icons
1.0.0-rc.0,2018-05-13T19:09:46.872Z,@material-ui/icons
1.1.0,2018-05-26T14:53:49.435Z,@material-ui/icons
1.1.1,2018-08-24T20:14:36.023Z,@material-ui/icons
2.0.0,2018-07-22T21:41:35.110Z,@material-ui/icons
2.0.0-beta.1,2018-07-03T09:38:10.735Z,@material-ui/icons
2.0.1,2018-08-04T10:26:04.551Z,@material-ui/icons
2.0.2,2018-08-12T20:39:46.608Z,@material-ui/icons
2.0.3,2018-08-19T21:10:47.680Z,@material-ui/icons
3.0.0,2018-08-27T16:03:55.483Z,@material-ui/icons
3.0.1,2018-08-28T22:04:02.778Z,@material-ui/icons
3.0.2,2019-01-07T18:49:19.191Z,@material-ui/icons
4.0.0,2019-05-23T15:43:37.401Z,@material-ui/icons
4.0.0-alpha.0,2019-02-12T14:27:15.808Z,@material-ui/icons
4.0.0-alpha.1,2019-02-20T10:55:24.556Z,@material-ui/icons
4.0.0-alpha.8,2019-04-17T19:54:16.066Z,@material-ui/icons
4.0.0-beta.0,2019-04-28T22:38:25.019Z,@material-ui/icons
4.0.0-rc.0,2019-05-20T21:29:45.376Z,@material-ui/icons
4.0.1,2019-05-27T12:46:52.403Z,@material-ui/icons
4.1.0,2019-06-10T11:51:16.834Z,@material-ui/icons
4.11.2,2020-12-02T23:46:15.670Z,@material-ui/icons
4.2.0,2019-06-13T10:51:36.372Z,@material-ui/icons
4.2.1,2019-06-23T11:45:37.726Z,@material-ui/icons
4.4.1,2019-09-08T09:54:19.247Z,@material-ui/icons
4.4.3,2019-09-22T17:12:00.201Z,@material-ui/icons
4.5.1,2019-10-12T20:19:08.868Z,@material-ui/icons
4.9.1,2020-02-02T11:43:29.149Z,@material-ui/icons
5.0.0-alpha.1,2020-06-27T15:03:51.617Z,@material-ui/icons
5.0.0-alpha.11,2020-09-26T15:02:23.442Z,@material-ui/icons
5.0.0-alpha.13,2020-10-17T21:40:31.221Z,@material-ui/icons
5.0.0-alpha.14,2020-10-23T22:58:09.494Z,@material-ui/icons
5.0.0-alpha.15,2020-11-03T23:42:09.403Z,@material-ui/icons
5.0.0-alpha.19,2020-12-13T17:20:53.923Z,@material-ui/icons
5.0.0-alpha.20,2020-12-21T17:45:23.923Z,@material-ui/icons
5.0.0-alpha.21,2020-12-30T17:33:13.107Z,@material-ui/icons
5.0.0-alpha.22,2021-01-04T11:15:34.311Z,@material-ui/icons
5.0.0-alpha.23,2021-01-14T12:50:20.339Z,@material-ui/icons
5.0.0-alpha.24,2021-01-26T14:08:25.512Z,@material-ui/icons
5.0.0-alpha.26,2021-02-27T18:39:31.323Z,@material-ui/icons
5.0.0-alpha.27,2021-03-05T13:00:58.628Z,@material-ui/icons
5.0.0-alpha.28,2021-03-24T12:54:37.748Z,@material-ui/icons
5.0.0-alpha.4,2020-07-19T17:46:19.678Z,@material-ui/icons
5.0.0-alpha.7,2020-08-22T16:39:25.081Z,@material-ui/icons
0.0.1,2019-04-30T18:06:06.062Z,@material-ui/pickers
3.0.0,2019-05-23T18:51:25.879Z,@material-ui/pickers
3.0.0-beta.1,2019-05-02T14:25:56.833Z,@material-ui/pickers
3.0.0-rc.0,2019-05-21T13:02:55.051Z,@material-ui/pickers
3.1.0,2019-06-04T06:35:03.337Z,@material-ui/pickers
3.1.1,2019-06-14T12:01:22.903Z,@material-ui/pickers
3.1.2,2019-06-24T08:53:10.086Z,@material-ui/pickers
3.2.0,2019-07-15T18:46:55.331Z,@material-ui/pickers
3.2.1,2019-07-30T20:07:27.917Z,@material-ui/pickers
3.2.10,2020-01-26T20:05:15.483Z,@material-ui/pickers
3.2.2,2019-08-04T08:48:11.435Z,@material-ui/pickers
3.2.3,2019-08-21T06:43:45.504Z,@material-ui/pickers
3.2.4,2019-08-24T17:42:20.467Z,@material-ui/pickers
3.2.5,2019-09-04T08:37:31.312Z,@material-ui/pickers
3.2.6,2019-09-13T07:31:58.170Z,@material-ui/pickers
3.2.7,2019-10-14T15:36:56.391Z,@material-ui/pickers
3.2.8,2019-11-15T20:45:09.703Z,@material-ui/pickers
3.2.9,2020-01-19T10:38:19.562Z,@material-ui/pickers
3.3.10,2021-03-12T11:49:43.725Z,@material-ui/pickers
4.0.0-alpha.1,2020-01-17T19:45:50.683Z,@material-ui/pickers
4.0.0-alpha.10,2020-07-17T19:50:47.611Z,@material-ui/pickers
4.0.0-alpha.11,2020-08-01T13:30:22.119Z,@material-ui/pickers
4.0.0-alpha.12,2020-08-04T09:21:31.375Z,@material-ui/pickers
4.0.0-alpha.2,2020-02-13T20:17:39.651Z,@material-ui/pickers
4.0.0-alpha.3,2020-02-17T19:51:34.975Z,@material-ui/pickers
4.0.0-alpha.4,2020-03-19T15:01:02.117Z,@material-ui/pickers
4.0.0-alpha.5,2020-04-09T10:49:36.609Z,@material-ui/pickers
4.0.0-alpha.6,2020-05-06T14:15:40.511Z,@material-ui/pickers
4.0.0-alpha.7,2020-05-07T15:31:58.197Z,@material-ui/pickers
4.0.0-alpha.8,2020-06-04T14:16:02.610Z,@material-ui/pickers
4.0.0-alpha.9,2020-07-10T15:53:38.224Z,@material-ui/pickers
0.1.0,2014-08-29T23:08:36.810Z,axios
0.10.0,2016-04-21T04:52:22.553Z,axios
0.11.0,2016-04-27T04:19:52.831Z,axios
0.11.1,2016-05-17T15:59:30.342Z,axios
0.12.0,2016-06-01T05:22:58.397Z,axios
0.13.0,2016-07-13T19:42:43.558Z,axios
0.13.1,2016-07-16T17:13:24.859Z,axios
0.14.0,2016-08-27T18:30:22.182Z,axios
0.15.0,2016-10-11T04:40:41.633Z,axios
0.15.1,2016-10-15T06:39:23.761Z,axios
0.15.2,2016-10-18T01:33:20.989Z,axios
0.15.3,2016-11-27T21:59:11.250Z,axios
0.16.0,2017-04-01T02:31:09.040Z,axios
0.16.1,2017-04-08T18:51:59.217Z,axios
0.16.2,2017-06-03T19:29:23.765Z,axios
0.17.0,2017-10-21T18:01:30.232Z,axios
0.17.1,2017-11-11T23:24:40.635Z,axios
0.18.0,2018-02-19T23:28:54.151Z,axios
0.18.1,2019-06-01T00:46:36.277Z,axios
0.19.0,2019-05-30T16:13:16.930Z,axios
0.19.0-beta.1,2018-08-09T18:44:25.247Z,axios
0.19.1,2020-01-07T17:23:39.782Z,axios
0.19.2,2020-01-22T04:25:53.354Z,axios
0.2.0,2014-09-12T20:06:33.167Z,axios
0.20.0,2020-08-21T03:12:48.792Z,axios
0.20.0-0,2020-07-15T16:07:30.516Z,axios
0.2.1,2014-09-12T22:57:28.872Z,axios
0.21.0,2020-10-23T16:27:13.883Z,axios
0.21.1,2020-12-22T04:20:06.101Z,axios
0.2.2,2014-09-15T03:30:45.994Z,axios
0.3.0,2014-09-16T18:20:18.668Z,axios
0.3.1,2014-09-17T00:31:29.538Z,axios
0.4.0,2014-10-05T23:55:03.069Z,axios
0.4.1,2014-10-15T18:19:42.549Z,axios
0.4.2,2014-12-11T07:14:52.563Z,axios
0.5.0,2015-01-23T10:15:47.657Z,axios
0.5.1,2015-03-10T20:47:18.932Z,axios
0.5.2,2015-03-13T23:14:22.809Z,axios
0.5.3,2015-04-08T03:01:17.936Z,axios
0.5.4,2015-04-08T18:49:41.745Z,axios
0.6.0,2015-09-21T20:20:20.241Z,axios
0.7.0,2015-09-29T06:36:55.850Z,axios
0.8.0,2015-12-11T19:09:50.663Z,axios
0.8.1,2015-12-15T03:44:16.229Z,axios
0.9.0,2016-01-18T18:19:24.356Z,axios
0.9.1,2016-01-24T22:19:01.689Z,axios
0.1.0,2014-10-06T12:10:33.939Z,date-fns
0.10.0,2014-10-13T14:58:45.781Z,date-fns
0.11.0,2014-10-15T09:27:55.246Z,date-fns
0.12.0,2014-10-15T13:48:50.231Z,date-fns
0.12.1,2014-10-19T08:20:44.077Z,date-fns
0.13.0,2014-10-22T12:11:40.324Z,date-fns
0.14.11,2015-08-21T17:37:55.699Z,date-fns
0.14.5,2014-12-04T08:19:51.382Z,date-fns
0.14.8,2014-12-25T10:06:37.947Z,date-fns
0.14.9,2015-01-14T07:32:16.051Z,date-fns
0.15.0,2015-08-26T06:00:04.293Z,date-fns
0.16.0,2015-09-01T06:32:33.259Z,date-fns
0.17.0,2015-09-29T06:13:13.685Z,date-fns
0.2.0,2014-10-06T15:12:47.180Z,date-fns
0.3.0,2014-10-06T16:22:15.537Z,date-fns
0.4.0,2014-10-07T07:34:13.535Z,date-fns
0.5.0,2014-10-07T14:47:53.096Z,date-fns
0.6.0,2014-10-07T18:10:09.113Z,date-fns
0.7.0,2014-10-08T09:46:59.966Z,date-fns
0.8.0,2014-10-09T08:34:35.961Z,date-fns
0.9.0,2014-10-10T06:10:09.718Z,date-fns
1.0.0,2016-05-18T16:04:20.122Z,date-fns
1.0.0-alpha1,2015-10-13T10:47:21.191Z,date-fns
1.0.0-alpha2,2015-10-15T12:25:28.556Z,date-fns
1.0.0-alpha3,2015-10-23T03:31:16.716Z,date-fns
1.0.0-alpha4,2015-10-31T12:42:41.309Z,date-fns
1.0.0-rc1,2015-11-17T12:51:10.814Z,date-fns
1.0.0-rc10,2015-12-26T06:34:01.710Z,date-fns
1.0.0-rc11,2015-12-26T17:39:50.606Z,date-fns
1.0.0-rc12,2016-01-01T16:34:23.608Z,date-fns
1.0.0-rc13,2016-01-01T17:23:35.339Z,date-fns
1.0.0-rc14,2016-01-01T18:03:09.570Z,date-fns
1.0.0-rc15,2016-01-01T18:23:35.827Z,date-fns
1.0.0-rc16,2016-01-03T04:17:12.003Z,date-fns
1.0.0-rc17,2016-01-03T04:45:01.936Z,date-fns
1.0.0-rc18,2016-01-03T05:33:06.336Z,date-fns
1.0.0-rc19,2016-02-14T14:43:13.810Z,date-fns
1.0.0-rc2,2015-11-28T19:56:27.658Z,date-fns
1.0.0-rc21,2016-05-10T14:59:20.817Z,date-fns
1.0.0-rc22,2016-05-17T13:31:56.321Z,date-fns
1.0.0-rc3,2015-11-29T05:04:31.454Z,date-fns
1.0.0-rc4,2015-12-25T18:29:20.957Z,date-fns
1.0.0-rc5,2015-12-25T18:58:54.375Z,date-fns
1.0.0-rc6,2015-12-25T21:40:29.351Z,date-fns
1.0.0-rc8,2015-12-25T21:48:00.962Z,date-fns
1.0.0-rc9,2015-12-26T06:26:32.647Z,date-fns
1.1.0,2016-05-19T17:09:58.628Z,date-fns
1.10.0,2016-11-01T13:51:44.915Z,date-fns
1.1.1,2016-05-19T18:42:44.560Z,date-fns
1.11.0,2016-11-23T09:44:35.168Z,date-fns
1.11.1,2016-11-24T19:04:15.972Z,date-fns
1.11.2,2016-11-28T13:34:27.506Z,date-fns
1.12.0,2016-12-05T10:56:51.365Z,date-fns
1.12.1,2016-12-05T13:38:35.624Z,date-fns
1.13.0,2016-12-06T08:16:20.991Z,date-fns
1.14.0,2016-12-06T17:15:09.224Z,date-fns
1.14.1,2016-12-06T17:22:27.283Z,date-fns
1.15.0,2016-12-07T09:17:16.262Z,date-fns
1.15.1,2016-12-07T13:46:18.703Z,date-fns
1.16.0,2016-12-08T11:43:31.433Z,date-fns
1.17.0,2016-12-10T10:19:41.569Z,date-fns
1.18.0,2016-12-12T15:57:08.019Z,date-fns
1.19.0,2016-12-13T17:20:41.140Z,date-fns
1.2.0,2016-05-23T07:42:35.839Z,date-fns
1.20.0,2016-12-14T06:24:01.109Z,date-fns
1.20.1,2016-12-14T08:42:25.785Z,date-fns
1.21.0,2016-12-16T15:53:39.144Z,date-fns
1.21.1,2016-12-18T09:29:46.508Z,date-fns
1.22.0,2016-12-28T09:59:34.949Z,date-fns
1.23.0,2017-01-05T17:35:57.097Z,date-fns
1.24.0,2017-01-06T20:10:43.924Z,date-fns
1.25.0,2017-01-11T21:09:53.651Z,date-fns
1.26.0,2017-01-15T20:03:55.395Z,date-fns
1.27.0,2017-01-19T18:39:38.540Z,date-fns
1.27.1,2017-01-20T21:33:56.284Z,date-fns
1.27.2,2017-02-01T13:46:53.512Z,date-fns
1.28.0,2017-02-27T10:34:07.396Z,date-fns
1.28.1,2017-03-19T15:56:56.789Z,date-fns
1.28.2,2017-03-27T16:58:14.981Z,date-fns
1.28.3,2017-04-14T05:47:52.847Z,date-fns
1.28.4,2017-04-26T14:46:11.137Z,date-fns
1.28.5,2017-05-19T11:12:09.786Z,date-fns
1.29.0,2017-10-11T11:59:00.391Z,date-fns
1.3.0,2016-05-26T06:21:01.003Z,date-fns
1.30.0,2018-12-10T14:00:07.659Z,date-fns
1.30.1,2018-12-10T14:06:18.432Z,date-fns
1.4.0,2016-10-09T15:42:49.648Z,date-fns
1.5.0,2016-10-12T16:55:05.724Z,date-fns
1.5.1,2016-10-12T17:18:41.138Z,date-fns
1.5.2,2016-10-13T09:46:22.046Z,date-fns
1.6.0,2016-10-16T15:19:44.747Z,date-fns
1.7.0,2016-10-20T15:15:20.386Z,date-fns
1.8.0,2016-10-23T16:02:48.876Z,date-fns
1.8.1,2016-10-24T15:09:19.979Z,date-fns
1.9.0,2016-10-25T09:01:13.154Z,date-fns
2.0.0,2019-08-20T13:15:55.806Z,date-fns
2.0.0-alpha.1,2017-06-20T16:46:47.242Z,date-fns
2.0.0-alpha.10,2018-06-07T09:07:31.857Z,date-fns
2.0.0-alpha.11,2018-06-26T08:33:06.612Z,date-fns
2.0.0-alpha.13,2018-07-27T14:23:37.792Z,date-fns
2.0.0-alpha.14,2018-07-27T16:41:41.470Z,date-fns
2.0.0-alpha.16,2018-07-31T19:47:58.268Z,date-fns
2.0.0-alpha.18,2018-09-21T08:39:56.356Z,date-fns
2.0.0-alpha.2,2017-09-01T11:21:40.630Z,date-fns
2.0.0-alpha.20,2018-09-29T07:59:12.978Z,date-fns
2.0.0-alpha.21,2018-10-04T15:05:18.550Z,date-fns
2.0.0-alpha.22,2018-10-10T19:03:52.169Z,date-fns
2.0.0-alpha.23,2018-10-18T11:33:08.115Z,date-fns
2.0.0-alpha.24,2018-10-23T10:01:40.561Z,date-fns
2.0.0-alpha.25,2018-10-29T12:29:03.778Z,date-fns
2.0.0-alpha.26,2018-12-11T11:52:57.146Z,date-fns
2.0.0-alpha.27,2019-01-11T11:21:30.900Z,date-fns
2.0.0-alpha.28,2019-06-05T14:14:23.888Z,date-fns
2.0.0-alpha.29,2019-06-05T15:10:31.909Z,date-fns
2.0.0-alpha.3,2017-09-13T15:55:29.942Z,date-fns
2.0.0-alpha.30,2019-06-06T07:45:51.327Z,date-fns
2.0.0-alpha.31,2019-06-06T08:30:23.538Z,date-fns
2.0.0-alpha.32,2019-06-12T06:54:13.591Z,date-fns
2.0.0-alpha.33,2019-06-13T06:49:56.208Z,date-fns
2.0.0-alpha.34,2019-06-14T11:28:13.181Z,date-fns
2.0.0-alpha.35,2019-06-20T07:19:34.805Z,date-fns
2.0.0-alpha.36,2019-06-21T08:40:44.019Z,date-fns
2.0.0-alpha.37,2019-06-25T08:03:29.140Z,date-fns
2.0.0-alpha.4,2017-09-15T05:15:53.637Z,date-fns
2.0.0-alpha.5,2017-09-18T13:20:44.413Z,date-fns
2.0.0-alpha.6,2017-09-18T15:07:04.344Z,date-fns
2.0.0-alpha.7,2017-09-29T13:55:39.003Z,date-fns
2.0.0-alpha.8,2018-05-15T14:02:16.753Z,date-fns
2.0.0-alpha.9,2018-05-25T07:04:17.161Z,date-fns
2.0.0-beta.1,2019-06-26T09:32:09.027Z,date-fns
2.0.0-beta.2,2019-06-27T08:02:36.563Z,date-fns
2.0.0-beta.3,2019-07-23T14:08:50.387Z,date-fns
2.0.0-beta.4,2019-08-05T10:16:17.174Z,date-fns
2.0.0-beta.5,2019-08-16T12:36:03.125Z,date-fns
2.0.1,2019-08-23T15:58:43.086Z,date-fns
2.1.0,2019-09-06T14:48:27.263Z,date-fns
2.10.0,2020-02-25T10:51:06.460Z,date-fns
2.11.0,2020-03-13T20:36:52.246Z,date-fns
2.11.1,2020-03-26T18:56:49.556Z,date-fns
2.12.0,2020-04-09T17:45:23.176Z,date-fns
2.13.0,2020-05-06T21:11:25.239Z,date-fns
2.14.0,2020-05-18T17:21:23.390Z,date-fns
2.15.0,2020-07-17T15:16:39.069Z,date-fns
2.16.0,2020-08-27T13:54:40.048Z,date-fns
2.16.1,2020-08-31T14:28:27.404Z,date-fns
2.17.0,2021-02-05T14:09:28.758Z,date-fns
2.18.0,2021-03-01T13:52:18.995Z,date-fns
2.19.0,2021-03-05T03:54:52.036Z,date-fns
2.20.0,2021-04-08T04:30:15.738Z,date-fns
2.20.1,2021-04-09T12:46:47.748Z,date-fns
2.20.2,2021-04-12T13:14:35.042Z,date-fns
2.2.1,2019-09-12T15:34:15.223Z,date-fns
2.3.0,2019-09-24T14:28:40.311Z,date-fns
2.4.0,2019-09-27T14:30:09.506Z,date-fns
2.4.1,2019-09-28T15:58:47.795Z,date-fns
2.5.0,2019-10-16T06:49:41.480Z,date-fns
2.5.1,2019-10-18T09:28:34.888Z,date-fns
2.6.0,2019-10-22T12:58:51.469Z,date-fns
2.7.0,2019-11-07T11:53:39.493Z,date-fns
2.8.0,2019-11-19T09:28:44.758Z,date-fns
2.8.1,2019-11-22T06:28:47.266Z,date-fns
2.9.0,2020-01-08T13:06:33.278Z,date-fns
0.1.0,2013-07-01T01:48:10.422Z,jsonwebtoken
0.2.0,2014-03-20T14:21:53.794Z,jsonwebtoken
0.3.0,2014-04-23T01:52:14.417Z,jsonwebtoken
0.4.0,2014-05-03T11:29:01.066Z,jsonwebtoken
0.4.1,2014-07-14T19:17:35.264Z,jsonwebtoken
1.0.0,2014-08-23T22:43:24.229Z,jsonwebtoken
1.0.2,2014-08-23T22:59:10.227Z,jsonwebtoken
1.1.0,2014-08-23T23:14:10.224Z,jsonwebtoken
1.1.1,2014-09-05T11:01:11.046Z,jsonwebtoken
1.1.2,2014-09-15T14:49:28.601Z,jsonwebtoken
1.2.0,2014-11-26T02:17:21.249Z,jsonwebtoken
1.3.0,2014-12-10T23:07:59.481Z,jsonwebtoken
2.0.0,2014-12-20T03:05:25.828Z,jsonwebtoken
3.0.0,2014-12-29T16:08:34.943Z,jsonwebtoken
3.1.0,2014-12-29T16:31:38.234Z,jsonwebtoken
3.1.1,2014-12-29T17:22:53.641Z,jsonwebtoken
3.2.0,2014-12-29T19:13:23.489Z,jsonwebtoken
3.2.1,2015-01-08T11:58:12.337Z,jsonwebtoken
3.2.2,2015-01-15T15:17:52.808Z,jsonwebtoken
4.0.0,2015-03-06T15:10:53.288Z,jsonwebtoken
4.1.0,2015-03-10T17:00:21.891Z,jsonwebtoken
4.2.0,2015-03-16T23:38:56.067Z,jsonwebtoken
4.2.1,2015-03-17T16:17:14.883Z,jsonwebtoken
4.2.2,2015-03-26T19:45:09.289Z,jsonwebtoken
5.0.0,2015-04-10T20:48:37.182Z,jsonwebtoken
5.0.1,2015-05-15T22:01:58.864Z,jsonwebtoken
5.0.2,2015-06-15T12:28:08.501Z,jsonwebtoken
5.0.3,2015-07-15T11:58:09.711Z,jsonwebtoken
5.0.4,2015-07-15T12:01:17.566Z,jsonwebtoken
5.0.5,2015-08-19T13:27:44.172Z,jsonwebtoken
5.1.0,2015-10-02T10:56:36.343Z,jsonwebtoken
5.2.0,2015-10-02T11:05:14.039Z,jsonwebtoken
5.3.1,2015-10-02T11:11:04.351Z,jsonwebtoken
5.4.0,2015-10-02T11:14:50.900Z,jsonwebtoken
5.4.1,2015-10-26T18:10:32.861Z,jsonwebtoken
5.5.0,2015-12-28T17:11:25.150Z,jsonwebtoken
5.5.1,2016-01-04T11:53:49.687Z,jsonwebtoken
5.5.2,2016-01-04T12:06:17.651Z,jsonwebtoken
5.5.3,2016-01-04T12:32:08.430Z,jsonwebtoken
5.5.4,2016-01-04T15:43:25.033Z,jsonwebtoken
5.6.0,2016-02-16T11:49:24.916Z,jsonwebtoken
5.6.2,2016-02-16T11:59:42.854Z,jsonwebtoken
5.7.0,2016-02-16T12:24:00.388Z,jsonwebtoken
6.0.0,2016-04-27T15:44:55.504Z,jsonwebtoken
6.0.1,2016-04-27T15:51:49.872Z,jsonwebtoken
6.1.0,2016-04-27T16:23:34.125Z,jsonwebtoken
6.1.1,2016-04-28T22:55:23.286Z,jsonwebtoken
6.1.2,2016-04-29T11:57:21.271Z,jsonwebtoken
6.2.0,2016-04-29T14:31:49.265Z,jsonwebtoken
7.0.0,2016-05-19T15:50:31.704Z,jsonwebtoken
7.0.1,2016-06-14T17:44:04.114Z,jsonwebtoken
7.1.0,2016-07-12T12:39:33.102Z,jsonwebtoken
7.1.1,2016-07-12T12:59:22.308Z,jsonwebtoken
7.1.10,2016-12-06T12:29:18.399Z,jsonwebtoken
7.1.3,2016-07-12T13:08:40.761Z,jsonwebtoken
7.1.5,2016-07-15T12:12:27.498Z,jsonwebtoken
7.1.6,2016-07-15T12:32:54.636Z,jsonwebtoken
7.1.7,2016-07-29T18:56:21.831Z,jsonwebtoken
7.1.8,2016-08-10T12:54:09.631Z,jsonwebtoken
7.1.9,2016-08-11T16:23:25.379Z,jsonwebtoken
7.2.0,2016-12-06T12:40:10.130Z,jsonwebtoken
7.2.1,2016-12-07T14:02:51.551Z,jsonwebtoken
7.3.0,2017-02-13T18:53:10.077Z,jsonwebtoken
7.4.0,2017-04-24T17:16:17.646Z,jsonwebtoken
7.4.1,2017-05-17T09:37:05.554Z,jsonwebtoken
7.4.2,2017-08-04T12:38:53.520Z,jsonwebtoken
7.4.3,2017-08-17T14:50:46.131Z,jsonwebtoken
8.0.0,2017-09-06T16:03:30.289Z,jsonwebtoken
8.0.1,2017-09-12T11:05:05.886Z,jsonwebtoken
8.1.0,2017-10-09T17:47:52.012Z,jsonwebtoken
8.1.1,2018-01-22T19:27:16.318Z,jsonwebtoken
8.2.0,2018-03-02T14:10:12.425Z,jsonwebtoken
8.2.1,2018-04-05T11:52:55.685Z,jsonwebtoken
8.2.2,2018-05-30T15:17:23.007Z,jsonwebtoken
8.3.0,2018-06-11T15:45:26.006Z,jsonwebtoken
8.4.0,2018-11-14T10:46:49.785Z,jsonwebtoken
8.5.0,2019-02-20T13:42:50.904Z,jsonwebtoken
8.5.1,2019-03-18T12:07:37.715Z,jsonwebtoken
0.0.0-00d4f95c2,2021-03-15T16:12:35.231Z,react
0.0.0-0203b6567,2021-03-16T16:13:04.042Z,react
0.0.0-0935a1db3,2021-02-03T18:09:51.735Z,react
0.0.0-0c756fb-697f004,2018-11-13T02:17:19.662Z,react
0.0.0-0c756fb-f7f79fd,2018-11-13T03:47:32.881Z,react
0.0.0-0cf9fc10b,2021-02-26T16:12:41.066Z,react
0.0.0-0e4135e8c,2019-02-13T17:56:07.913Z,react
0.0.0-1022ee0ec,2019-10-21T20:22:24.163Z,react
0.0.0-10cc40018,2021-03-12T16:12:53.068Z,react
0.0.0-11565a207,2019-02-06T17:30:37.742Z,react
0.0.0-1214b302e,2021-04-08T16:12:03.947Z,react
0.0.0-12adaffef,2021-03-22T21:34:29.143Z,react
0.0.0-172e89b4b,2021-04-07T16:12:23.019Z,react
0.0.0-1a7472624,2021-02-15T16:12:26.832Z,react
0.0.0-1fafac002,2021-03-22T16:12:12.840Z,react
0.0.0-235a6c4af,2020-03-06T19:31:52.590Z,react
0.0.0-241c4467e,2020-01-29T18:55:18.325Z,react
0.0.0-25bfa287f,2021-03-23T16:12:46.437Z,react
0.0.0-267ed9814,2019-02-05T16:27:17.370Z,react
0.0.0-297165f1e,2019-03-28T06:15:15.409Z,react
0.0.0-29b7b775f,2019-02-21T17:50:49.657Z,react
0.0.0-2c9fef32d,2021-04-01T16:12:35.099Z,react
0.0.0-33c3af284,2020-05-06T16:26:19.298Z,react
0.0.0-3694a3b5e,2019-09-27T01:37:44.332Z,react
0.0.0-375616788,2019-08-01T02:09:19.895Z,react
0.0.0-3834174dd,2020-09-21T23:47:24.538Z,react
0.0.0-38dd17ab9,2019-11-08T00:17:50.781Z,react
0.0.0-3b870b1e0,2021-02-10T16:12:30.015Z,react
0.0.0-3d0895557,2020-07-31T14:58:21.950Z,react
0.0.0-3e15b1c69,2019-01-14T22:34:15.572Z,react
0.0.0-3fb11eed9,2021-03-18T16:13:12.494Z,react
0.0.0-4190a3458,2021-02-24T16:12:23.795Z,react
0.0.0-4221565e1,2019-04-16T18:07:53.091Z,react
0.0.0-424099da6,2019-07-15T15:17:12.781Z,react
0.0.0-45b6443c9,2019-09-14T00:07:36.895Z,react
0.0.0-483358c38,2021-02-11T16:13:01.055Z,react
0.0.0-4a1072194,2018-12-14T19:38:23.491Z,react
0.0.0-4ab6305f6,2019-10-03T19:44:25.709Z,react
0.0.0-4c019585e,2021-02-04T03:13:23.709Z,react
0.0.0-4e08fb10c,2021-02-05T16:12:20.932Z,react
0.0.0-4e6999103,2020-08-28T00:45:37.342Z,react
0.0.0-4ead6b530,2020-10-07T13:10:22.715Z,react
0.0.0-50b50c26f,2019-05-20T16:38:58.270Z,react
0.0.0-553440bd1,2021-03-01T16:12:35.866Z,react
0.0.0-57333ca33,2020-01-29T15:53:06.451Z,react
0.0.0-5de5b6150,2020-02-21T00:33:50.764Z,react
0.0.0-5faf377df,2019-10-22T18:20:41.584Z,react
0.0.0-5fe091c77,2021-03-08T19:31:19.230Z,react
0.0.0-634cc52e6,2021-03-29T16:12:23.483Z,react
0.0.0-679402a66,2019-03-14T15:33:39.095Z,react
0.0.0-696e736be,2021-02-12T16:12:34.908Z,react
0.0.0-6a589ad71,2021-03-25T16:12:06.588Z,react
0.0.0-6c526c515,2021-02-09T16:12:35.855Z,react
0.0.0-6da04b5d8,2019-05-06T20:49:29.399Z,react
0.0.0-6f8843837,2021-02-16T06:08:16.760Z,react
0.0.0-7082d5a2d,2019-10-18T22:00:04.709Z,react
0.0.0-7325ebe4d,2018-12-14T17:00:42.213Z,react
0.0.0-73e900b0e,2021-03-09T16:13:06.867Z,react
0.0.0-741aa17a3,2019-03-05T22:55:38.115Z,react
0.0.0-7b84dbd16,2021-03-24T16:14:16.289Z,react
0.0.0-7d06b80af,2021-03-19T16:12:28.079Z,react
0.0.0-7f28234f8,2020-06-19T17:53:35.736Z,react
0.0.0-825c3021f,2021-03-17T16:12:12.884Z,react
0.0.0-84c06fef8,2021-04-13T16:12:42.705Z,react
0.0.0-88ada9819,2018-11-29T16:32:14.663Z,react
0.0.0-8af27aeed,2021-02-19T16:12:20.317Z,react
0.0.0-8b3c1e4-1d1a717,2018-11-12T21:33:00.266Z,react
0.0.0-8d5403877,2019-08-09T02:30:53.059Z,react
0.0.0-8d7535e54,2020-02-25T18:13:38.405Z,react
0.0.0-8e5adfbd7,2020-10-22T12:12:00.720Z,react
0.0.0-9209c30ff,2021-02-25T16:12:10.678Z,react
0.0.0-94c0244ba,2020-08-10T14:32:22.561Z,react
0.0.0-9d48779b3,2021-04-12T16:12:37.104Z,react
0.0.0-9ebe1768a,2019-04-15T22:55:51.537Z,react
0.0.0-9f395904c,2019-07-13T17:48:00.728Z,react
0.0.0-a1dbb852c,2019-08-05T21:28:05.605Z,react
0.0.0-a703c3f7e,2021-02-04T16:13:25.485Z,react
0.0.0-a77dd13ed,2021-03-26T16:12:45.776Z,react
0.0.0-a817840ea,2021-04-05T16:12:01.342Z,react
0.0.0-a8988e4-1d1a717,2018-11-12T18:56:27.396Z,react
0.0.0-a9eff329c,2019-04-11T18:18:27.184Z,react
0.0.0-af3d52611,2021-02-18T16:13:26.255Z,react
0.0.0-b4178af81,2019-07-18T18:34:56.747Z,react
0.0.0-b48b38af6,2021-03-31T16:12:40.257Z,react
0.0.0-b4b8a349a,2019-09-17T17:43:55.834Z,react
0.0.0-b4f119cdf,2021-04-02T16:12:36.692Z,react
0.0.0-b53ea6ca0,2019-11-12T18:52:22.169Z,react
0.0.0-b668168d4,2019-02-20T19:59:36.160Z,react
0.0.0-bbb2ba8c8,2021-02-08T16:13:50.698Z,react
0.0.0-bbd21066e,2019-07-23T01:36:50.131Z,react
0.0.0-bd245c1ba,2021-03-11T16:12:11.399Z,react
0.0.0-bdc23c3db,2021-04-09T16:12:18.928Z,react
0.0.0-c35e37aab,2019-04-03T16:30:49.982Z,react
0.0.0-c5b7d26c7,2018-12-03T17:09:12.164Z,react
0.0.0-d1326f466,2019-02-05T18:32:21.153Z,react
0.0.0-d28bd2994,2020-02-26T13:54:53.067Z,react
0.0.0-d346d9208,2019-09-28T18:00:01.377Z,react
0.0.0-d5e1bf0-aee1b84,2018-11-12T11:46:09.401Z,react
0.0.0-d7382b6c4,2020-03-30T19:00:23.828Z,react
0.0.0-d857f9e4d,2021-03-02T16:12:26.018Z,react
0.0.0-da834083c,2020-03-19T19:44:49.274Z,react
0.0.0-db3ae32b8,2019-07-30T18:20:56.437Z,react
0.0.0-dc27b5aaa,2021-02-02T18:40:46.804Z,react
0.0.0-dfabb77a9,2019-02-14T18:38:38.295Z,react
0.0.0-e2fd460cc,2021-02-17T16:12:10.732Z,react
0.0.0-ea6ed3dbb,2020-02-19T21:31:07.656Z,react
0.0.0-ec372faef,2021-03-10T16:12:22.974Z,react
0.0.0-ed4c4a51c,2018-11-23T21:51:49.743Z,react
0.0.0-ee4326357,2021-03-03T16:12:25.618Z,react
0.0.0-ee6a05c2b,2021-04-06T16:12:28.004Z,react
0.0.0-experimental-00d4f95c2,2021-03-15T16:14:31.901Z,react
0.0.0-experimental-0203b6567,2021-03-16T16:15:15.430Z,react
0.0.0-experimental-0935a1db3,2021-02-03T18:06:33.136Z,react
0.0.0-experimental-0cf9fc10b,2021-02-26T16:14:47.713Z,react
0.0.0-experimental-0e6839614,2019-11-21T07:09:33.989Z,react
0.0.0-experimental-1022ee0ec,2019-10-21T20:25:05.155Z,react
0.0.0-experimental-10cc40018,2021-03-12T16:14:53.359Z,react
0.0.0-experimental-1214b302e,2021-04-08T16:13:56.459Z,react
0.0.0-experimental-172e89b4b,2021-04-07T16:14:19.701Z,react
0.0.0-experimental-1a7472624,2021-02-15T16:12:23.400Z,react
0.0.0-experimental-1fafac002,2021-03-22T16:14:34.435Z,react
0.0.0-experimental-235a6c4af,2020-03-06T19:29:37.173Z,react
0.0.0-experimental-241c4467e,2020-01-29T18:56:56.050Z,react
0.0.0-experimental-25bfa287f,2021-03-23T16:15:16.916Z,react
0.0.0-experimental-27659559e,2021-01-11T16:19:28.958Z,react
0.0.0-experimental-2c169a568,2019-11-21T08:05:21.015Z,react
0.0.0-experimental-2c9fef32d,2021-04-01T16:14:52.468Z,react
0.0.0-experimental-3310209d0,2020-12-18T22:09:56.298Z,react
0.0.0-experimental-33c3af284,2020-05-06T16:29:31.714Z,react
0.0.0-experimental-355970aa4,2020-03-04T00:26:14.660Z,react
0.0.0-experimental-38dd17ab9,2019-11-08T00:15:58.674Z,react
0.0.0-experimental-3b870b1e0,2021-02-10T16:12:39.901Z,react
0.0.0-experimental-3d0895557,2020-07-31T15:17:55.515Z,react
0.0.0-experimental-3f3fe0874,2019-11-21T07:51:28.992Z,react
0.0.0-experimental-3fb11eed9,2021-03-18T16:15:12.325Z,react
0.0.0-experimental-4190a3458,2021-02-24T16:14:23.313Z,react
0.0.0-experimental-483358c38,2021-02-11T16:13:12.249Z,react
0.0.0-experimental-4c019585e,2021-02-04T03:20:25.502Z,react
0.0.0-experimental-4c8c98ab9,2020-07-17T16:51:22.651Z,react
0.0.0-experimental-4e08fb10c,2021-02-05T16:12:43.795Z,react
0.0.0-experimental-4ead6b530,2020-10-07T14:39:56.627Z,react
0.0.0-experimental-553440bd1,2021-03-01T16:14:36.328Z,react
0.0.0-experimental-57333ca33,2020-01-29T16:28:10.605Z,react
0.0.0-experimental-5de5b6150,2020-02-21T00:31:28.543Z,react
0.0.0-experimental-5faf377df,2019-10-22T18:22:49.036Z,react
0.0.0-experimental-5fe091c77,2021-03-08T19:33:09.293Z,react
0.0.0-experimental-634cc52e6,2021-03-29T16:14:35.113Z,react
0.0.0-experimental-696e736be,2021-02-12T16:12:19.136Z,react
0.0.0-experimental-6a589ad71,2021-03-25T16:13:48.597Z,react
0.0.0-experimental-6c526c515,2021-02-09T16:12:27.436Z,react
0.0.0-experimental-6f8843837,2021-02-16T06:09:55.772Z,react
0.0.0-experimental-7082d5a2d,2019-10-18T22:51:14.767Z,react
0.0.0-experimental-73e900b0e,2021-03-09T16:15:05.576Z,react
0.0.0-experimental-7b84dbd16,2021-03-24T16:16:07.454Z,react
0.0.0-experimental-7d06b80af,2021-03-19T16:14:36.344Z,react
0.0.0-experimental-7f28234f8,2020-06-19T17:55:20.645Z,react
0.0.0-experimental-825c3021f,2021-03-17T16:14:00.509Z,react
0.0.0-experimental-8af27aeed,2021-02-19T16:14:11.874Z,react
0.0.0-experimental-8b155d261,2020-03-11T21:09:17.421Z,react
0.0.0-experimental-8d7535e54,2020-02-25T19:14:12.572Z,react
0.0.0-experimental-9209c30ff,2021-02-25T16:14:16.075Z,react
0.0.0-experimental-94c0244ba,2020-08-10T14:35:57.683Z,react
0.0.0-experimental-9d48779b3,2021-04-12T16:14:38.021Z,react
0.0.0-experimental-a703c3f7e,2021-02-04T16:13:18.712Z,react
0.0.0-experimental-a77dd13ed,2021-03-26T16:14:51.932Z,react
0.0.0-experimental-a817840ea,2021-04-05T16:13:44.116Z,react
0.0.0-experimental-aae83a4b9,2020-03-18T01:10:41.870Z,react
0.0.0-experimental-af3d52611,2021-02-18T16:15:33.995Z,react
0.0.0-experimental-b48b38af6,2021-03-31T16:14:21.024Z,react
0.0.0-experimental-b4f119cdf,2021-04-02T16:14:16.843Z,react
0.0.0-experimental-b53ea6ca0,2019-11-12T19:00:03.852Z,react
0.0.0-experimental-bbb2ba8c8,2021-02-08T16:12:43.463Z,react
0.0.0-experimental-bd245c1ba,2021-03-11T16:14:54.883Z,react
0.0.0-experimental-bdc23c3db,2021-04-09T16:13:58.843Z,react
0.0.0-experimental-d28bd2994,2020-02-26T13:57:55.886Z,react
0.0.0-experimental-d364d8555,2019-10-14T20:30:00.671Z,react
0.0.0-experimental-d7382b6c4,2020-03-30T19:02:00.736Z,react
0.0.0-experimental-d7feeb25a,2019-10-16T17:24:52.394Z,react
0.0.0-experimental-d857f9e4d,2021-03-02T16:14:17.421Z,react
0.0.0-experimental-dc27b5aaa,2021-02-02T22:24:06.153Z,react
0.0.0-experimental-e2fd460cc,2021-02-17T16:13:57.094Z,react
0.0.0-experimental-e5d06e34b,2020-04-10T02:08:02.269Z,react
0.0.0-experimental-ea6ed3dbb,2020-02-19T21:29:03.738Z,react
0.0.0-experimental-ec372faef,2021-03-10T16:14:05.067Z,react
0.0.0-experimental-ede917064,2020-07-31T13:10:53.304Z,react
0.0.0-experimental-ee4326357,2021-03-03T16:14:29.109Z,react
0.0.0-experimental-ee6a05c2b,2021-04-06T16:14:31.880Z,react
0.0.0-experimental-f42431abe,2019-12-16T20:07:53.284Z,react
0.0.0-experimental-f6b8d31a7,2019-10-24T06:41:31.377Z,react
0.0.0-experimental-f77c7b9d7,2020-08-07T18:57:30.831Z,react
0.0.0-f22621f88,2019-01-09T20:44:05.228Z,react
0.0.0-f42431abe,2019-12-16T19:53:23.011Z,react
0.0.0-f6b8d31a7,2019-10-24T06:48:49.934Z,react
0.0.0-f77c7b9d7,2020-08-07T18:24:32.891Z,react
0.0.0-f9e41e3a5,2019-03-22T15:01:22.148Z,react
0.0.0-fa1e8df11,2019-06-03T21:03:39.088Z,react
0.0.0-fb28e9048,2019-04-24T14:54:10.423Z,react
0.0.0-fec00a869,2019-02-01T16:21:35.073Z,react
0.0.1,2011-10-26T17:46:22.746Z,react
0.0.2,2011-10-28T22:40:36.115Z,react
0.0.3,2011-10-29T13:40:41.073Z,react
0.10.0,2014-03-21T21:48:06.915Z,react
0.10.0-rc1,2014-03-19T18:28:04.636Z,react
0.11.0,2014-07-17T20:51:00.913Z,react
0.11.0-rc1,2014-07-13T04:41:23.857Z,react
0.11.1,2014-07-25T18:36:36.918Z,react
0.11.2,2014-09-16T18:33:57.956Z,react
0.1.2,2011-12-21T20:56:27.003Z,react
0.12.0,2014-10-28T18:40:33.643Z,react
0.12.0-rc1,2014-10-16T22:24:04.601Z,react
0.12.1,2014-11-18T06:56:11.863Z,react
0.12.2,2014-12-18T20:51:41.024Z,react
0.13.0,2015-03-10T21:51:43.816Z,react
0.13.0-alpha.1,2014-12-23T20:08:42.636Z,react
0.13.0-alpha.2,2015-01-16T19:09:02.924Z,react
0.13.0-beta.1,2015-01-28T05:19:01.230Z,react
0.13.0-beta.2,2015-02-14T02:37:43.316Z,react
0.13.0-rc1,2015-02-22T21:36:01.461Z,react
0.13.0-rc2,2015-03-03T19:52:41.430Z,react
0.13.1,2015-03-17T00:01:25.829Z,react
0.13.2,2015-04-18T22:38:01.925Z,react
0.13.3,2015-05-08T23:40:52.344Z,react
0.14.0,2015-10-07T17:27:39.042Z,react
0.14.0-alpha1,2015-05-11T05:37:34.808Z,react
0.14.0-alpha2,2015-05-20T20:38:30.743Z,react
0.14.0-alpha3,2015-05-27T23:49:08.232Z,react
0.14.0-beta1,2015-07-03T08:50:06.815Z,react
0.14.0-beta2,2015-07-31T05:31:14.850Z,react
0.14.0-beta3,2015-08-03T21:33:47.972Z,react
0.14.0-rc1,2015-09-10T16:00:44.142Z,react
0.14.1,2015-10-28T21:36:14.876Z,react
0.14.10,2020-10-14T19:12:25.426Z,react
0.14.2,2015-11-02T19:55:21.088Z,react
0.14.3,2015-11-19T02:26:57.036Z,react
0.14.4,2015-12-29T22:00:21.565Z,react
0.14.5,2015-12-29T22:39:56.148Z,react
0.14.6,2016-01-06T23:52:45.571Z,react
0.14.7,2016-01-28T19:59:29.509Z,react
0.14.8,2016-03-29T16:19:44.344Z,react
0.14.9,2017-04-12T15:45:16.662Z,react
0.15.0-alpha.1,2016-01-21T04:16:30.061Z,react
0.2.0,2012-01-10T18:58:59.882Z,react
0.2.1,2012-01-10T19:36:17.074Z,react
0.2.2,2012-01-10T20:44:37.670Z,react
0.2.3,2012-01-10T23:15:07.894Z,react
0.2.4,2012-01-11T15:44:12.287Z,react
0.2.5,2012-01-11T19:55:24.505Z,react
0.2.6,2012-01-11T20:58:23.590Z,react
0.3.0,2012-01-14T06:06:46.726Z,react
0.3.4,2012-01-17T14:59:12.449Z,react
0.3.5,2012-01-17T20:13:08.100Z,react
0.5.0,2012-01-18T06:49:43.631Z,react
0.5.1,2012-01-18T18:07:11.608Z,react
0.5.2,2012-03-13T14:01:11.641Z,react
0.6.0,2012-03-28T22:14:37.758Z,react
0.6.1,2012-04-25T16:57:02.959Z,react
0.6.2,2012-09-12T21:14:33.270Z,react
0.6.3,2012-10-18T04:24:03.381Z,react
0.7.0,2013-05-23T18:23:29.579Z,react
0.7.1,2013-05-23T19:48:26.316Z,react
0.8.0,2013-12-19T18:46:02.355Z,react
0.9.0,2014-02-20T18:47:54.841Z,react
0.9.0-rc1,2014-02-17T03:31:05.147Z,react
15.0.0,2016-04-07T21:25:42.928Z,react
15.0.0-rc.1,2016-03-08T01:07:27.078Z,react
15.0.0-rc.2,2016-03-16T22:19:35.759Z,react
15.0.1,2016-04-08T18:24:01.947Z,react
15.0.2,2016-04-30T00:38:26.753Z,react
15.0.2-alpha.1,2016-04-20T18:17:51.152Z,react
15.0.2-alpha.2,2016-04-21T22:22:07.642Z,react
15.0.2-alpha.3,2016-04-25T20:04:05.908Z,react
15.0.2-alpha.4,2016-04-28T07:12:12.709Z,react
15.0.3-alpha.1,2016-05-03T19:40:31.408Z,react
15.0.3-alpha.2,2016-05-10T04:38:08.171Z,react
15.1.0,2016-05-20T23:06:26.234Z,react
15.1.0-alpha.1,2016-05-10T05:28:41.025Z,react
15.2.0,2016-07-01T18:52:24.535Z,react
15.2.0-rc.1,2016-06-15T01:30:22.163Z,react
15.2.0-rc.2,2016-07-01T06:32:12.488Z,react
15.2.1,2016-07-08T22:31:10.383Z,react
15.3.0,2016-07-29T18:38:21.959Z,react
15.3.0-rc.1,2016-07-13T18:58:33.786Z,react
15.3.0-rc.2,2016-07-13T21:02:13.320Z,react
15.3.0-rc.3,2016-07-21T22:59:16.416Z,react
15.3.1,2016-08-19T18:50:25.665Z,react
15.3.1-rc.1,2016-08-12T23:35:31.733Z,react
15.3.1-rc.2,2016-08-15T22:56:32.596Z,react
15.3.2,2016-09-19T17:47:04.705Z,react
15.3.2-rc.1,2016-09-15T23:43:44.694Z,react
15.4.0,2016-11-16T14:33:05.693Z,react
15.4.0-rc.1,2016-10-04T22:35:42.618Z,react
15.4.0-rc.2,2016-10-05T22:51:07.111Z,react
15.4.0-rc.3,2016-10-14T19:17:37.819Z,react
15.4.0-rc.4,2016-10-14T22:00:00.474Z,react
15.4.1,2016-11-23T01:59:14.936Z,react
15.4.2,2017-01-06T20:16:25.738Z,react
15.5.0,2017-04-07T21:40:05.461Z,react
15.5.0-rc.1,2017-04-05T19:09:56.745Z,react
15.5.0-rc.2,2017-04-06T23:19:23.441Z,react
15.5.1,2017-04-07T22:41:03.767Z,react
15.5.2,2017-04-08T01:39:09.846Z,react
15.5.3,2017-04-08T04:10:15.548Z,react
15.5.4,2017-04-11T19:30:01.834Z,react
15.6.0,2017-06-13T17:29:20.573Z,react
15.6.0-rc.1,2017-06-01T17:48:06.643Z,react
15.6.1,2017-06-15T00:05:12.756Z,react
15.6.2,2017-09-26T00:10:25.817Z,react
15.7.0,2020-10-14T19:29:53.496Z,react
16.0.0,2017-09-26T16:00:29.805Z,react
16.0.0-alpha,2017-01-10T00:31:14.798Z,react
16.0.0-alpha.0,2017-01-25T20:05:02.202Z,react
16.0.0-alpha.10,2017-04-20T19:59:43.810Z,react
16.0.0-alpha.11,2017-04-25T01:54:51.844Z,react
16.0.0-alpha.12,2017-05-02T21:25:08.700Z,react
16.0.0-alpha.13,2017-06-09T14:00:36.899Z,react
16.0.0-alpha.2,2017-02-09T16:19:16.372Z,react
16.0.0-alpha.3,2017-02-24T00:03:19.901Z,react
16.0.0-alpha.4,2017-03-13T15:57:45.616Z,react
16.0.0-alpha.5,2017-03-21T20:02:52.084Z,react
16.0.0-alpha.6,2017-03-24T22:47:23.922Z,react
16.0.0-alpha.7,2017-04-06T18:53:30.233Z,react
16.0.0-alpha.8,2017-04-07T17:49:02.943Z,react
16.0.0-alpha.9,2017-04-11T21:45:36.472Z,react
16.0.0-beta.1,2017-07-26T20:03:38.727Z,react
16.0.0-beta.2,2017-07-27T17:06:49.589Z,react
16.0.0-beta.3,2017-08-03T23:07:32.230Z,react
16.0.0-beta.4,2017-08-08T16:09:42.105Z,react
16.0.0-beta.5,2017-08-08T17:27:27.182Z,react
16.0.0-rc.1,2017-09-06T23:11:31.405Z,react
16.0.0-rc.2,2017-09-07T03:36:42.679Z,react
16.0.0-rc.3,2017-09-14T13:09:33.492Z,react
16.1.0,2017-11-09T15:04:37.798Z,react
16.10.0,2019-09-27T20:28:13.525Z,react
16.10.1,2019-09-28T18:18:21.776Z,react
16.10.2,2019-10-03T21:10:56.351Z,react
16.1.0-beta,2017-11-02T22:45:13.614Z,react
16.1.0-beta.1,2017-11-07T14:57:35.379Z,react
16.1.0-rc,2017-11-09T00:13:05.369Z,react
16.1.1,2017-11-13T16:13:13.540Z,react
16.11.0,2019-10-22T21:22:52.188Z,react
16.12.0,2019-11-14T23:57:29.304Z,react
16.13.0,2020-02-26T20:19:52.312Z,react
16.13.1,2020-03-19T19:53:13.309Z,react
16.14.0,2020-10-14T19:38:05.812Z,react
16.2.0,2017-11-28T21:32:28.829Z,react
16.3.0,2018-03-29T20:16:22.948Z,react
16.3.0-alpha.0,2018-02-02T21:05:53.147Z,react
16.3.0-alpha.1,2018-02-12T18:49:30.301Z,react
16.3.0-alpha.2,2018-03-14T20:30:10.449Z,react
16.3.0-alpha.3,2018-03-22T19:48:54.990Z,react
16.3.0-rc.0,2018-03-28T02:15:01.966Z,react
16.3.1,2018-04-04T00:39:05.128Z,react
16.3.2,2018-04-16T15:32:25.525Z,react
16.4.0,2018-05-24T00:39:50.356Z,react
16.4.0-alpha.0911da3,2018-02-27T02:14:07.333Z,react
16.4.0-alpha.3174632,2018-02-24T05:07:52.478Z,react
16.4.0-alpha.7926752,2018-02-13T00:52:25.835Z,react
16.4.1,2018-06-13T16:47:05.961Z,react
16.4.2,2018-08-01T19:01:56.155Z,react
16.5.0,2018-09-06T16:44:42.930Z,react
16.5.1,2018-09-13T18:34:18.952Z,react
16.5.2,2018-09-18T19:31:03.834Z,react
16.6.0,2018-10-23T23:36:06.553Z,react
16.6.0-alpha.0,2018-09-17T22:11:31.467Z,react
16.6.0-alpha.400d197,2018-10-05T01:04:08.320Z,react
16.6.0-alpha.8af6728,2018-10-10T16:22:13.444Z,react
16.6.0-alpha.f47a958,2018-10-10T13:50:25.121Z,react
16.6.1,2018-11-07T02:33:22.373Z,react
16.6.2,2018-11-13T02:38:24.686Z,react
16.6.3,2018-11-13T03:52:56.452Z,react
16.7.0,2018-12-20T01:19:48.948Z,react
16.7.0-alpha.0,2018-10-25T16:13:37.324Z,react
16.7.0-alpha.1,2018-11-13T19:36:58.731Z,react
16.7.0-alpha.2,2018-11-13T21:43:54.675Z,react
16.8.0,2019-02-06T08:00:25.150Z,react
16.8.0-alpha.0,2019-01-09T20:54:16.861Z,react
16.8.0-alpha.1,2019-01-15T23:22:08.733Z,react
16.8.1,2019-02-06T18:15:25.739Z,react
16.8.2,2019-02-14T19:01:24.755Z,react
16.8.3,2019-02-21T18:02:55.406Z,react
16.8.4,2019-03-05T23:11:17.853Z,react
16.8.5,2019-03-22T16:40:20.510Z,react
16.8.6,2019-03-28T06:23:35.650Z,react
16.9.0,2019-08-08T21:09:37.704Z,react
16.9.0-alpha.0,2019-04-03T16:51:08.010Z,react
16.9.0-rc.0,2019-08-05T22:17:21.838Z,react
17.0.0,2020-10-20T20:11:47.327Z,react
17.0.0-rc.0,2020-08-10T19:59:27.120Z,react
17.0.0-rc.1,2020-08-28T11:34:43.243Z,react
17.0.0-rc.2,2020-09-22T00:13:50.547Z,react
17.0.0-rc.3,2020-10-07T13:37:25.165Z,react
17.0.1,2020-10-22T12:21:45.340Z,react
17.0.2,2021-03-22T21:56:19.536Z,react
0.0.0-00d4f95c2,2021-03-15T16:12:45.264Z,react-dom
0.0.0-0203b6567,2021-03-16T16:13:15.230Z,react-dom
0.0.0-0935a1db3,2021-02-03T18:10:05.772Z,react-dom
0.0.0-0c756fb-697f004,2018-11-13T02:17:28.935Z,react-dom
0.0.0-0c756fb-f7f79fd,2018-11-13T03:47:42.769Z,react-dom
0.0.0-0cf9fc10b,2021-02-26T16:12:52.703Z,react-dom
0.0.0-0e4135e8c,2019-02-13T17:56:22.091Z,react-dom
0.0.0-1022ee0ec,2019-10-21T20:22:36.510Z,react-dom
0.0.0-10cc40018,2021-03-12T16:13:05.590Z,react-dom
0.0.0-11565a207,2019-02-06T17:30:49.584Z,react-dom
0.0.0-1214b302e,2021-04-08T16:12:16.027Z,react-dom
0.0.0-12adaffef,2021-03-22T21:34:47.986Z,react-dom
0.0.0-172e89b4b,2021-04-07T16:12:33.091Z,react-dom
0.0.0-1a7472624,2021-02-15T16:12:36.294Z,react-dom
0.0.0-1fafac002,2021-03-22T16:12:26.091Z,react-dom
0.0.0-235a6c4af,2020-03-06T19:32:02.590Z,react-dom
0.0.0-241c4467e,2020-01-29T18:55:30.368Z,react-dom
0.0.0-25bfa287f,2021-03-23T16:13:05.357Z,react-dom
0.0.0-267ed9814,2019-02-05T16:27:30.600Z,react-dom
0.0.0-297165f1e,2019-03-28T06:15:39.054Z,react-dom
0.0.0-29b7b775f,2019-02-21T17:51:05.564Z,react-dom
0.0.0-2c9fef32d,2021-04-01T16:12:46.172Z,react-dom
0.0.0-33c3af284,2020-05-06T16:26:29.051Z,react-dom
0.0.0-3694a3b5e,2019-09-27T01:37:58.504Z,react-dom
0.0.0-375616788,2019-08-01T02:09:30.414Z,react-dom
0.0.0-3834174dd,2020-09-21T23:47:38.935Z,react-dom
0.0.0-38dd17ab9,2019-11-08T00:18:02.145Z,react-dom
0.0.0-3b870b1e0,2021-02-10T16:12:40.896Z,react-dom
0.0.0-3d0895557,2020-07-31T14:58:37.224Z,react-dom
0.0.0-3e15b1c69,2019-01-14T22:34:29.291Z,react-dom
0.0.0-3fb11eed9,2021-03-18T16:13:22.979Z,react-dom
0.0.0-4190a3458,2021-02-24T16:12:34.758Z,react-dom
0.0.0-4221565e1,2019-04-16T18:08:05.636Z,react-dom
0.0.0-424099da6,2019-07-15T15:17:30.117Z,react-dom
0.0.0-45b6443c9,2019-09-14T00:07:49.670Z,react-dom
0.0.0-483358c38,2021-02-11T16:13:14.116Z,react-dom
0.0.0-4a1072194,2018-12-14T19:38:33.790Z,react-dom
0.0.0-4ab6305f6,2019-10-03T19:44:36.824Z,react-dom
0.0.0-4c019585e,2021-02-04T03:13:29.740Z,react-dom
0.0.0-4e08fb10c,2021-02-05T16:12:31.078Z,react-dom
0.0.0-4e6999103,2020-08-28T00:45:57.716Z,react-dom
0.0.0-4ead6b530,2020-10-07T13:10:34.631Z,react-dom
0.0.0-50b50c26f,2019-05-20T16:39:17.233Z,react-dom
0.0.0-553440bd1,2021-03-01T16:12:48.636Z,react-dom
0.0.0-57333ca33,2020-01-29T15:53:21.306Z,react-dom
0.0.0-5de5b6150,2020-02-21T00:34:02.575Z,react-dom
0.0.0-5faf377df,2019-10-22T18:20:52.532Z,react-dom
0.0.0-5fe091c77,2021-03-08T19:31:28.557Z,react-dom
0.0.0-634cc52e6,2021-03-29T16:12:33.179Z,react-dom
0.0.0-679402a66,2019-03-14T15:33:56.600Z,react-dom
0.0.0-696e736be,2021-02-12T16:12:56.565Z,react-dom
0.0.0-6a589ad71,2021-03-25T16:12:18.654Z,react-dom
0.0.0-6c526c515,2021-02-09T16:12:46.193Z,react-dom
0.0.0-6da04b5d8,2019-05-06T20:49:44.617Z,react-dom
0.0.0-6f8843837,2021-02-16T06:08:25.825Z,react-dom
0.0.0-7082d5a2d,2019-10-18T22:00:15.621Z,react-dom
0.0.0-7325ebe4d,2018-12-14T17:00:52.295Z,react-dom
0.0.0-73e900b0e,2021-03-09T16:13:19.590Z,react-dom
0.0.0-741aa17a3,2019-03-05T22:55:49.151Z,react-dom
0.0.0-7b84dbd16,2021-03-24T16:14:25.619Z,react-dom
0.0.0-7d06b80af,2021-03-19T16:12:38.153Z,react-dom
0.0.0-7f28234f8,2020-06-19T17:53:46.117Z,react-dom
0.0.0-825c3021f,2021-03-17T16:12:23.991Z,react-dom
0.0.0-84c06fef8,2021-04-13T16:12:53.577Z,react-dom
0.0.0-88ada9819,2018-11-29T16:32:26.583Z,react-dom
0.0.0-8af27aeed,2021-02-19T16:12:30.607Z,react-dom
0.0.0-8b3c1e4-1d1a717,2018-11-12T21:33:09.064Z,react-dom
0.0.0-8d5403877,2019-08-09T02:31:04.879Z,react-dom
0.0.0-8d7535e54,2020-02-25T18:13:58.970Z,react-dom
0.0.0-8e5adfbd7,2020-10-22T12:12:12.651Z,react-dom
0.0.0-9209c30ff,2021-02-25T16:12:22.302Z,react-dom
0.0.0-94c0244ba,2020-08-10T14:32:37.350Z,react-dom
0.0.0-9d48779b3,2021-04-12T16:12:46.377Z,react-dom
0.0.0-9ebe1768a,2019-04-15T22:56:02.259Z,react-dom
0.0.0-9f395904c,2019-07-13T17:48:29.403Z,react-dom
0.0.0-a1dbb852c,2019-08-05T21:28:25.164Z,react-dom
0.0.0-a703c3f7e,2021-02-04T16:13:34.964Z,react-dom
0.0.0-a77dd13ed,2021-03-26T16:12:57.509Z,react-dom
0.0.0-a817840ea,2021-04-05T16:12:12.479Z,react-dom
0.0.0-a8988e4-1d1a717,2018-11-12T18:56:36.086Z,react-dom
0.0.0-a9eff329c,2019-04-11T18:18:39.189Z,react-dom
0.0.0-af3d52611,2021-02-18T16:13:37.796Z,react-dom
0.0.0-b4178af81,2019-07-18T18:35:13.231Z,react-dom
0.0.0-b48b38af6,2021-03-31T16:12:50.783Z,react-dom
0.0.0-b4b8a349a,2019-09-17T17:44:06.359Z,react-dom
0.0.0-b4f119cdf,2021-04-02T16:12:46.487Z,react-dom
0.0.0-b53ea6ca0,2019-11-12T18:52:37.223Z,react-dom
0.0.0-b668168d4,2019-02-20T19:59:48.178Z,react-dom
0.0.0-bbb2ba8c8,2021-02-08T16:14:04.881Z,react-dom
0.0.0-bbd21066e,2019-07-23T01:37:00.578Z,react-dom
0.0.0-bd245c1ba,2021-03-11T16:12:21.493Z,react-dom
0.0.0-bdc23c3db,2021-04-09T16:12:28.877Z,react-dom
0.0.0-c35e37aab,2019-04-03T16:31:02.791Z,react-dom
0.0.0-c5b7d26c7,2018-12-03T17:09:24.104Z,react-dom
0.0.0-d1326f466,2019-02-05T18:32:32.793Z,react-dom
0.0.0-d28bd2994,2020-02-26T13:55:06.232Z,react-dom
0.0.0-d346d9208,2019-09-28T18:00:13.219Z,react-dom
0.0.0-d5e1bf0-aee1b84,2018-11-12T11:46:19.943Z,react-dom
0.0.0-d7382b6c4,2020-03-30T19:00:35.211Z,react-dom
0.0.0-d857f9e4d,2021-03-02T16:12:35.425Z,react-dom
0.0.0-da834083c,2020-03-19T19:44:58.430Z,react-dom
0.0.0-db3ae32b8,2019-07-30T18:21:07.578Z,react-dom
0.0.0-dc27b5aaa,2021-02-02T18:41:04.185Z,react-dom
0.0.0-dfabb77a9,2019-02-14T18:38:52.767Z,react-dom
0.0.0-e2fd460cc,2021-02-17T16:12:24.123Z,react-dom
0.0.0-ea6ed3dbb,2020-02-19T21:31:19.388Z,react-dom
0.0.0-ec372faef,2021-03-10T16:12:33.241Z,react-dom
0.0.0-ed4c4a51c,2018-11-23T21:52:00.436Z,react-dom
0.0.0-ee4326357,2021-03-03T16:12:36.605Z,react-dom
0.0.0-ee6a05c2b,2021-04-06T16:12:40.454Z,react-dom
0.0.0-experimental-00d4f95c2,2021-03-15T16:14:42.319Z,react-dom
0.0.0-experimental-0203b6567,2021-03-16T16:15:25.870Z,react-dom
0.0.0-experimental-0935a1db3,2021-02-03T18:06:48.334Z,react-dom
0.0.0-experimental-0cf9fc10b,2021-02-26T16:14:58.658Z,react-dom
0.0.0-experimental-0e6839614,2019-11-21T07:09:43.849Z,react-dom
0.0.0-experimental-1022ee0ec,2019-10-21T20:25:15.732Z,react-dom
0.0.0-experimental-10cc40018,2021-03-12T16:15:04.833Z,react-dom
0.0.0-experimental-1214b302e,2021-04-08T16:14:06.580Z,react-dom
0.0.0-experimental-172e89b4b,2021-04-07T16:14:31.291Z,react-dom
0.0.0-experimental-1a7472624,2021-02-15T16:12:32.441Z,react-dom
0.0.0-experimental-1fafac002,2021-03-22T16:14:47.275Z,react-dom
0.0.0-experimental-235a6c4af,2020-03-06T19:29:47.443Z,react-dom
0.0.0-experimental-241c4467e,2020-01-29T18:57:06.446Z,react-dom
0.0.0-experimental-25bfa287f,2021-03-23T16:15:31.173Z,react-dom
0.0.0-experimental-27659559e,2021-01-11T16:19:39.885Z,react-dom
0.0.0-experimental-2c169a568,2019-11-21T08:05:32.721Z,react-dom
0.0.0-experimental-2c9fef32d,2021-04-01T16:15:02.758Z,react-dom
0.0.0-experimental-3310209d0,2020-12-18T22:10:10.969Z,react-dom
0.0.0-experimental-33c3af284,2020-05-06T16:29:43.575Z,react-dom
0.0.0-experimental-355970aa4,2020-03-04T00:26:35.663Z,react-dom
0.0.0-experimental-38dd17ab9,2019-11-08T00:16:11.032Z,react-dom
0.0.0-experimental-3b870b1e0,2021-02-10T16:12:56.054Z,react-dom
0.0.0-experimental-3d0895557,2020-07-31T15:18:09.686Z,react-dom
0.0.0-experimental-3f3fe0874,2019-11-21T07:51:40.255Z,react-dom
0.0.0-experimental-3fb11eed9,2021-03-18T16:15:25.915Z,react-dom
0.0.0-experimental-4190a3458,2021-02-24T16:14:34.398Z,react-dom
0.0.0-experimental-483358c38,2021-02-11T16:13:25.721Z,react-dom
0.0.0-experimental-4c019585e,2021-02-04T03:20:35.019Z,react-dom
0.0.0-experimental-4c8c98ab9,2020-07-17T16:51:34.560Z,react-dom
0.0.0-experimental-4e08fb10c,2021-02-05T16:12:56.700Z,react-dom
0.0.0-experimental-4ead6b530,2020-10-07T14:40:16.608Z,react-dom
0.0.0-experimental-553440bd1,2021-03-01T16:14:46.284Z,react-dom
0.0.0-experimental-57333ca33,2020-01-29T16:28:22.824Z,react-dom
0.0.0-experimental-5de5b6150,2020-02-21T00:31:40.718Z,react-dom
0.0.0-experimental-5faf377df,2019-10-22T18:23:01.413Z,react-dom
0.0.0-experimental-5fe091c77,2021-03-08T19:33:22.707Z,react-dom
0.0.0-experimental-634cc52e6,2021-03-29T16:14:54.083Z,react-dom
0.0.0-experimental-696e736be,2021-02-12T16:12:30.466Z,react-dom
0.0.0-experimental-6a589ad71,2021-03-25T16:13:58.813Z,react-dom
0.0.0-experimental-6c526c515,2021-02-09T16:12:36.865Z,react-dom
0.0.0-experimental-6f8843837,2021-02-16T06:10:06.504Z,react-dom
0.0.0-experimental-7082d5a2d,2019-10-18T22:51:25.528Z,react-dom
0.0.0-experimental-73e900b0e,2021-03-09T16:15:18.287Z,react-dom
0.0.0-experimental-7b84dbd16,2021-03-24T16:16:18.142Z,react-dom
0.0.0-experimental-7d06b80af,2021-03-19T16:14:47.717Z,react-dom
0.0.0-experimental-7f28234f8,2020-06-19T17:55:30.472Z,react-dom
0.0.0-experimental-825c3021f,2021-03-17T16:14:10.160Z,react-dom
0.0.0-experimental-8af27aeed,2021-02-19T16:14:22.249Z,react-dom
0.0.0-experimental-8b155d261,2020-03-11T21:09:36.033Z,react-dom
0.0.0-experimental-8d7535e54,2020-02-25T19:14:26.196Z,react-dom
0.0.0-experimental-9209c30ff,2021-02-25T16:14:25.658Z,react-dom
0.0.0-experimental-94c0244ba,2020-08-10T14:36:13.340Z,react-dom
0.0.0-experimental-9d48779b3,2021-04-12T16:14:48.178Z,react-dom
0.0.0-experimental-a703c3f7e,2021-02-04T16:13:29.095Z,react-dom
0.0.0-experimental-a77dd13ed,2021-03-26T16:15:07.031Z,react-dom
0.0.0-experimental-a817840ea,2021-04-05T16:13:53.350Z,react-dom
0.0.0-experimental-aae83a4b9,2020-03-18T01:10:52.791Z,react-dom
0.0.0-experimental-af3d52611,2021-02-18T16:15:46.302Z,react-dom
0.0.0-experimental-b48b38af6,2021-03-31T16:14:31.080Z,react-dom
0.0.0-experimental-b4f119cdf,2021-04-02T16:14:26.582Z,react-dom
0.0.0-experimental-b53ea6ca0,2019-11-12T19:00:21.242Z,react-dom
0.0.0-experimental-bbb2ba8c8,2021-02-08T16:12:59.775Z,react-dom
0.0.0-experimental-bd245c1ba,2021-03-11T16:15:06.393Z,react-dom
0.0.0-experimental-bdc23c3db,2021-04-09T16:14:08.523Z,react-dom
0.0.0-experimental-d28bd2994,2020-02-26T13:58:07.647Z,react-dom
0.0.0-experimental-d364d8555,2019-10-14T20:30:11.755Z,react-dom
0.0.0-experimental-d7382b6c4,2020-03-30T19:02:11.112Z,react-dom
0.0.0-experimental-d7feeb25a,2019-10-16T17:25:02.897Z,react-dom
0.0.0-experimental-d857f9e4d,2021-03-02T16:14:29.691Z,react-dom
0.0.0-experimental-dc27b5aaa,2021-02-02T22:24:24.456Z,react-dom
0.0.0-experimental-e2fd460cc,2021-02-17T16:14:11.295Z,react-dom
0.0.0-experimental-e5d06e34b,2020-04-10T02:08:13.352Z,react-dom
0.0.0-experimental-ea6ed3dbb,2020-02-19T21:29:19.478Z,react-dom
0.0.0-experimental-ec372faef,2021-03-10T16:14:17.737Z,react-dom
0.0.0-experimental-ede917064,2020-07-31T13:11:09.391Z,react-dom
0.0.0-experimental-ee4326357,2021-03-03T16:14:39.075Z,react-dom
0.0.0-experimental-ee6a05c2b,2021-04-06T16:14:42.709Z,react-dom
0.0.0-experimental-f42431abe,2019-12-16T20:08:05.985Z,react-dom
0.0.0-experimental-f6b8d31a7,2019-10-24T06:41:47.949Z,react-dom
0.0.0-experimental-f77c7b9d7,2020-08-07T18:57:49.268Z,react-dom
0.0.0-f22621f88,2019-01-09T20:44:16.735Z,react-dom
0.0.0-f42431abe,2019-12-16T19:53:38.195Z,react-dom
0.0.0-f6b8d31a7,2019-10-24T06:49:03.357Z,react-dom
0.0.0-f77c7b9d7,2020-08-07T18:24:54.804Z,react-dom
0.0.0-f9e41e3a5,2019-03-22T15:01:36.904Z,react-dom
0.0.0-fa1e8df11,2019-06-03T21:03:53.128Z,react-dom
0.0.0-fb28e9048,2019-04-24T14:54:24.238Z,react-dom
0.0.0-fec00a869,2019-02-01T16:21:45.439Z,react-dom
0.1.0,2014-05-06T18:59:36.160Z,react-dom
0.14.0,2015-10-07T17:29:35.289Z,react-dom
0.14.0-beta1,2015-07-03T08:47:36.859Z,react-dom
0.14.0-beta2,2015-07-31T05:32:31.129Z,react-dom
0.14.0-beta3,2015-08-03T21:33:53.540Z,react-dom
0.14.0-rc1,2015-09-10T16:02:13.157Z,react-dom
0.14.1,2015-10-28T21:36:05.173Z,react-dom
0.14.10,2020-10-14T19:13:04.852Z,react-dom
0.14.2,2015-11-02T19:55:14.560Z,react-dom
0.14.3,2015-11-19T02:26:48.974Z,react-dom
0.14.4,2015-12-29T22:00:13.038Z,react-dom
0.14.5,2015-12-29T22:40:03.262Z,react-dom
0.14.6,2016-01-06T23:52:52.338Z,react-dom
0.14.7,2016-01-28T19:59:21.186Z,react-dom
0.14.8,2016-03-29T16:19:51.077Z,react-dom
0.14.9,2017-04-12T15:45:23.918Z,react-dom
0.15.0-alpha.1,2016-01-21T04:16:19.791Z,react-dom
15.0.0,2016-04-07T21:25:44.824Z,react-dom
15.0.0-rc.1,2016-03-08T01:07:30.431Z,react-dom
15.0.0-rc.2,2016-03-16T22:19:25.716Z,react-dom
15.0.1,2016-04-08T18:24:03.871Z,react-dom
15.0.2,2016-04-30T00:38:21.736Z,react-dom
15.0.2-alpha.1,2016-04-20T18:17:21.275Z,react-dom
15.0.2-alpha.2,2016-04-21T22:22:04.168Z,react-dom
15.0.2-alpha.3,2016-04-25T20:03:54.772Z,react-dom
15.0.2-alpha.4,2016-04-28T07:12:05.405Z,react-dom
15.0.3-alpha.1,2016-05-03T19:40:25.441Z,react-dom
15.0.3-alpha.2,2016-05-10T04:37:56.938Z,react-dom
15.1.0,2016-05-20T23:06:19.582Z,react-dom
15.1.0-alpha.1,2016-05-10T05:28:28.727Z,react-dom
15.2.0,2016-07-01T18:52:18.934Z,react-dom
15.2.0-rc.1,2016-06-15T01:30:10.969Z,react-dom
15.2.0-rc.2,2016-07-01T06:32:02.930Z,react-dom
15.2.1,2016-07-08T22:31:06.338Z,react-dom
15.3.0,2016-07-29T18:38:13.089Z,react-dom
15.3.0-rc.1,2016-07-13T18:58:27.198Z,react-dom
15.3.0-rc.2,2016-07-13T21:02:06.521Z,react-dom
15.3.0-rc.3,2016-07-21T22:59:10.004Z,react-dom
15.3.1,2016-08-19T18:50:14.130Z,react-dom
15.3.1-rc.1,2016-08-12T23:35:19.931Z,react-dom
15.3.1-rc.2,2016-08-15T22:56:22.608Z,react-dom
15.3.2,2016-09-19T17:46:57.685Z,react-dom
15.3.2-rc.1,2016-09-15T23:43:35.377Z,react-dom
15.4.0,2016-11-16T14:32:55.418Z,react-dom
15.4.0-rc.1,2016-10-04T22:35:37.609Z,react-dom
15.4.0-rc.2,2016-10-05T22:50:57.582Z,react-dom
15.4.0-rc.3,2016-10-14T19:14:23.429Z,react-dom
15.4.0-rc.4,2016-10-14T22:00:09.527Z,react-dom
15.4.1,2016-11-23T01:59:08.303Z,react-dom
15.4.2,2017-01-06T20:16:11.024Z,react-dom
15.5.0,2017-04-07T21:39:55.712Z,react-dom
15.5.0-rc.1,2017-04-05T19:04:40.321Z,react-dom
15.5.0-rc.2,2017-04-06T23:19:15.765Z,react-dom
15.5.1,2017-04-07T22:40:57.597Z,react-dom
15.5.2,2017-04-08T01:39:02.809Z,react-dom
15.5.3,2017-04-08T04:10:06.023Z,react-dom
15.5.4,2017-04-11T19:30:09.326Z,react-dom
15.6.0,2017-06-13T17:29:43.818Z,react-dom
15.6.0-rc.1,2017-06-01T17:47:56.117Z,react-dom
15.6.1,2017-06-15T00:05:24.745Z,react-dom
15.6.2,2017-09-26T00:10:29.803Z,react-dom
15.7.0,2020-10-14T19:30:17.874Z,react-dom
16.0.0,2017-09-26T16:00:34.718Z,react-dom
16.0.0-alpha,2017-01-10T00:27:31.952Z,react-dom
16.0.0-alpha.0,2017-01-25T20:04:49.683Z,react-dom
16.0.0-alpha.10,2017-04-20T19:59:54.647Z,react-dom
16.0.0-alpha.11,2017-04-25T01:55:04.683Z,react-dom
16.0.0-alpha.12,2017-05-02T21:25:14.084Z,react-dom
16.0.0-alpha.13,2017-06-09T14:00:54.767Z,react-dom
16.0.0-alpha.2,2017-02-09T16:16:26.330Z,react-dom
16.0.0-alpha.3,2017-02-23T23:52:33.985Z,react-dom
16.0.0-alpha.4,2017-03-13T15:57:52.301Z,react-dom
16.0.0-alpha.5,2017-03-21T20:02:43.184Z,react-dom
16.0.0-alpha.6,2017-03-24T22:47:10.931Z,react-dom
16.0.0-alpha.7,2017-04-06T18:53:51.099Z,react-dom
16.0.0-alpha.8,2017-04-07T17:49:09.446Z,react-dom
16.0.0-alpha.9,2017-04-11T21:45:39.308Z,react-dom
16.0.0-beta.1,2017-07-26T20:03:49.535Z,react-dom
16.0.0-beta.2,2017-07-27T17:07:08.810Z,react-dom
16.0.0-beta.3,2017-08-03T23:07:39.169Z,react-dom
16.0.0-beta.4,2017-08-08T16:09:48.852Z,react-dom
16.0.0-beta.5,2017-08-08T17:27:35.449Z,react-dom
16.0.0-rc.1,2017-09-06T23:13:40.178Z,react-dom
16.0.0-rc.2,2017-09-07T03:36:51.262Z,react-dom
16.0.0-rc.3,2017-09-14T13:09:40.591Z,react-dom
16.0.1,2018-08-01T18:47:12.808Z,react-dom
16.1.0,2017-11-09T15:04:38.346Z,react-dom
16.10.0,2019-09-27T20:28:27.330Z,react-dom
16.10.1,2019-09-28T18:18:35.765Z,react-dom
16.10.2,2019-10-03T21:11:11.156Z,react-dom
16.1.0-beta,2017-11-02T22:45:12.511Z,react-dom
16.1.0-beta.1,2017-11-07T14:57:35.815Z,react-dom
16.1.0-rc,2017-11-09T00:13:15.575Z,react-dom
16.1.1,2017-11-13T16:13:14.142Z,react-dom
16.11.0,2019-10-22T21:23:05.497Z,react-dom
16.1.2,2018-08-01T18:55:18.353Z,react-dom
16.12.0,2019-11-14T23:57:42.220Z,react-dom
16.13.0,2020-02-26T20:20:05.399Z,react-dom
16.13.1,2020-03-19T19:53:23.004Z,react-dom
16.14.0,2020-10-14T19:38:26.085Z,react-dom
16.2.0,2017-11-28T21:32:29.110Z,react-dom
16.2.1,2018-08-01T18:57:20.123Z,react-dom
16.3.0,2018-03-29T20:16:21.022Z,react-dom
16.3.0-alpha.0,2018-02-02T21:05:53.621Z,react-dom
16.3.0-alpha.1,2018-02-12T18:49:31.086Z,react-dom
16.3.0-alpha.2,2018-03-14T20:30:11.164Z,react-dom
16.3.0-alpha.3,2018-03-22T19:48:55.388Z,react-dom
16.3.0-rc.0,2018-03-28T02:15:03.439Z,react-dom
16.3.1,2018-04-04T00:39:16.342Z,react-dom
16.3.2,2018-04-16T15:32:42.988Z,react-dom
16.3.3,2018-08-01T18:58:58.451Z,react-dom
16.4.0,2018-05-24T00:39:50.456Z,react-dom
16.4.0-alpha.0911da3,2018-02-27T02:14:06.198Z,react-dom
16.4.0-alpha.3174632,2018-02-24T05:07:52.951Z,react-dom
16.4.0-alpha.7926752,2018-02-13T00:52:26.068Z,react-dom
16.4.1,2018-06-13T16:47:20.487Z,react-dom
16.4.2,2018-08-01T19:01:01.146Z,react-dom
16.5.0,2018-09-06T16:44:51.243Z,react-dom
16.5.1,2018-09-13T18:34:20.794Z,react-dom
16.5.2,2018-09-18T19:31:10.943Z,react-dom
16.6.0,2018-10-23T23:36:09.900Z,react-dom
16.6.0-alpha.0,2018-09-17T22:11:39.953Z,react-dom
16.6.0-alpha.400d197,2018-10-05T01:04:16.036Z,react-dom
16.6.0-alpha.8af6728,2018-10-10T16:22:25.206Z,react-dom
16.6.1,2018-11-07T02:33:26.715Z,react-dom
16.6.2,2018-11-13T02:39:54.918Z,react-dom
16.6.3,2018-11-13T03:53:05.230Z,react-dom
16.7.0,2018-12-20T01:20:03.120Z,react-dom
16.7.0-alpha.0,2018-10-25T16:13:39.411Z,react-dom
16.7.0-alpha.1,2018-11-13T19:36:59.029Z,react-dom
16.7.0-alpha.2,2018-11-13T21:43:54.924Z,react-dom
16.8.0,2019-02-06T08:00:45.674Z,react-dom
16.8.0-alpha.0,2019-01-09T20:54:28.695Z,react-dom
16.8.0-alpha.1,2019-01-15T23:22:20.113Z,react-dom
16.8.1,2019-02-06T18:15:40.963Z,react-dom
16.8.2,2019-02-14T19:01:39.847Z,react-dom
16.8.3,2019-02-21T18:03:12.085Z,react-dom
16.8.4,2019-03-05T23:11:27.913Z,react-dom
16.8.5,2019-03-22T16:40:36.960Z,react-dom
16.8.6,2019-03-28T06:24:04.243Z,react-dom
16.9.0,2019-08-08T21:09:52.747Z,react-dom
16.9.0-alpha.0,2019-04-03T16:51:22.387Z,react-dom
16.9.0-rc.0,2019-08-05T22:17:34.553Z,react-dom
17.0.0,2020-10-20T20:12:22.766Z,react-dom
17.0.0-rc.0,2020-08-10T19:59:42.853Z,react-dom
17.0.0-rc.1,2020-08-28T11:35:25.810Z,react-dom
17.0.0-rc.2,2020-09-22T00:14:08.876Z,react-dom
17.0.0-rc.3,2020-10-07T13:37:38.723Z,react-dom
17.0.1,2020-10-22T12:21:58.048Z,react-dom
17.0.2,2021-03-22T21:56:33.089Z,react-dom
0.1.0,2016-04-17T13:22:45.058Z,react-number-format
0.1.1,2016-04-19T04:53:03.783Z,react-number-format
0.1.2,2016-09-24T13:38:33.021Z,react-number-format
0.1.3,2016-10-24T18:05:52.155Z,react-number-format
1.0.0,2016-12-04T19:01:12.681Z,react-number-format
1.0.1,2016-12-11T13:19:43.684Z,react-number-format
1.0.2,2017-01-18T10:34:36.960Z,react-number-format
1.1.0,2017-02-19T13:15:42.358Z,react-number-format
1.1.0-alpha2,2017-02-15T05:37:57.104Z,react-number-format
1.1.1,2017-02-19T14:10:49.957Z,react-number-format
1.1.2,2017-03-14T04:20:07.371Z,react-number-format
1.2.0,2017-05-07T12:09:20.253Z,react-number-format
1.2.1,2017-05-14T13:44:32.835Z,react-number-format
2.0.0,2017-07-16T15:32:57.178Z,react-number-format
2.0.0-alpha,2017-05-25T21:23:11.784Z,react-number-format
2.0.0-alpha2,2017-05-26T05:35:48.352Z,react-number-format
2.0.0-alpha3,2017-06-11T21:09:44.392Z,react-number-format
2.0.0-alpha4,2017-06-16T06:16:13.695Z,react-number-format
2.0.0-alpha5,2017-06-17T06:26:12.549Z,react-number-format
2.0.0-beta1,2017-07-15T20:06:11.709Z,react-number-format
2.0.1,2017-07-16T16:34:20.839Z,react-number-format
2.0.2,2017-07-21T06:05:53.882Z,react-number-format
2.0.3,2017-08-01T03:27:16.234Z,react-number-format
2.0.4,2017-08-30T19:25:28.566Z,react-number-format
3.0.0,2017-10-30T20:55:49.704Z,react-number-format
3.0.0-alpha,2017-10-12T19:12:21.217Z,react-number-format
3.0.0-alpha2,2017-10-13T17:07:46.103Z,react-number-format
3.0.0-alpha3,2017-10-17T18:44:02.669Z,react-number-format
3.0.0-beta,2017-10-18T18:20:50.800Z,react-number-format
3.0.0-beta2,2017-10-20T19:21:52.854Z,react-number-format
3.0.0-beta3,2017-10-25T16:10:39.328Z,react-number-format
3.0.1,2017-11-04T21:33:27.768Z,react-number-format
3.0.2,2017-11-11T20:00:52.792Z,react-number-format
3.0.3,2017-11-30T06:02:51.458Z,react-number-format
3.1.0,2017-12-08T12:40:12.247Z,react-number-format
3.1.1,2017-12-12T21:02:27.368Z,react-number-format
3.1.2,2017-12-14T05:35:57.515Z,react-number-format
3.1.3,2018-01-09T05:13:52.776Z,react-number-format
3.1.4,2018-02-05T07:41:21.584Z,react-number-format
3.1.5,2018-02-11T17:09:44.304Z,react-number-format
3.1.6,2018-02-18T13:06:42.766Z,react-number-format
3.2.0,2018-03-01T07:26:08.860Z,react-number-format
3.3.0,2018-03-17T18:00:32.475Z,react-number-format
3.3.1,2018-04-14T18:39:07.722Z,react-number-format
3.3.2,2018-04-20T06:59:06.489Z,react-number-format
3.3.3,2018-04-21T10:28:53.943Z,react-number-format
3.3.4,2018-04-28T09:04:27.654Z,react-number-format
3.4.0,2018-06-06T18:21:27.725Z,react-number-format
3.4.1,2018-06-20T19:55:10.022Z,react-number-format
3.4.2,2018-06-24T13:12:01.433Z,react-number-format
3.4.3,2018-07-15T09:58:40.306Z,react-number-format
3.4.4,2018-07-18T04:58:40.911Z,react-number-format
3.5.0,2018-07-19T06:07:22.532Z,react-number-format
3.5.1,2018-08-05T11:03:34.627Z,react-number-format
3.5.2,2018-09-02T16:16:11.479Z,react-number-format
3.6.0,2018-09-18T05:41:54.991Z,react-number-format
3.6.1,2018-09-30T19:36:34.122Z,react-number-format
3.6.2,2018-10-05T17:56:56.540Z,react-number-format
4.0.0,2018-10-30T13:03:17.015Z,react-number-format
4.0.1,2018-11-01T18:37:44.363Z,react-number-format
4.0.2,2018-11-02T17:04:30.508Z,react-number-format
4.0.3,2018-11-02T17:15:14.567Z,react-number-format
4.0.4,2018-11-11T17:40:28.261Z,react-number-format
4.0.5,2018-11-28T03:15:49.445Z,react-number-format
4.0.6,2018-12-25T16:51:00.490Z,react-number-format
4.0.7,2019-03-17T15:02:53.848Z,react-number-format
4.0.8,2019-05-12T09:58:10.804Z,react-number-format
4.1.0,2019-08-05T19:33:53.802Z,react-number-format
4.1.1,2019-08-06T17:18:41.474Z,react-number-format
4.2.0,2019-08-07T15:07:48.185Z,react-number-format
4.3.0,2019-10-01T06:34:03.198Z,react-number-format
4.3.1,2019-10-24T15:26:26.555Z,react-number-format
4.4.0,2020-02-20T15:57:10.652Z,react-number-format
4.4.1,2020-02-23T06:20:03.983Z,react-number-format
4.4.2,2021-01-04T16:59:04.142Z,react-number-format
4.4.3,2021-01-04T17:07:44.539Z,react-number-format
4.4.4,2021-01-06T19:58:33.754Z,react-number-format
4.5.0,2021-03-15T19:01:39.423Z,react-number-format
4.5.1,2021-03-20T18:37:51.763Z,react-number-format
4.5.2,2021-03-28T17:12:11.740Z,react-number-format
4.5.3,2021-03-30T17:00:06.754Z,react-number-format
4.5.4,2021-04-11T07:26:18.529Z,react-number-format
0.1.0,2015-07-11T21:06:55.874Z,react-redux
0.2.0,2015-07-13T19:44:59.404Z,react-redux
0.2.1,2015-07-13T19:49:29.083Z,react-redux
0.2.2,2015-07-14T13:22:16.967Z,react-redux
0.3.0,2015-08-07T10:10:02.304Z,react-redux
0.4.0,2015-08-07T10:29:28.104Z,react-redux
0.5.0,2015-08-07T14:26:31.846Z,react-redux
0.5.1,2015-08-07T19:48:41.669Z,react-redux
0.5.2,2015-08-08T00:23:16.420Z,react-redux
0.5.3,2015-08-08T00:33:33.179Z,react-redux
0.6.0,2015-08-08T13:26:52.284Z,react-redux
0.7.0,2015-08-09T17:33:01.496Z,react-redux
0.8.0,2015-08-09T21:18:51.542Z,react-redux
0.8.1,2015-08-11T16:19:38.168Z,react-redux
0.8.2,2015-08-11T19:10:46.710Z,react-redux
0.9.0,2015-08-17T15:14:41.003Z,react-redux
1.0.0,2015-08-24T17:22:17.658Z,react-redux
1.0.0-alpha,2015-07-11T21:48:24.398Z,react-redux
1.0.1,2015-08-25T17:36:53.369Z,react-redux
2.0.0,2015-09-01T01:32:24.625Z,react-redux
2.1.0,2015-09-03T20:18:25.094Z,react-redux
2.1.1,2015-09-06T23:41:20.756Z,react-redux
2.1.2,2015-09-12T23:55:58.643Z,react-redux
3.0.0,2015-09-24T12:28:19.419Z,react-redux
3.0.0-alpha,2015-09-21T21:37:02.965Z,react-redux
3.0.1,2015-09-28T12:37:32.797Z,react-redux
3.1.0,2015-10-05T08:48:21.628Z,react-redux
3.1.1,2015-12-12T18:15:48.787Z,react-redux
3.1.2,2015-12-12T19:36:59.056Z,react-redux
4.0.0,2015-10-15T12:26:59.749Z,react-redux
4.0.1,2015-12-12T19:21:44.122Z,react-redux
4.0.2,2015-12-20T02:27:34.409Z,react-redux
4.0.3,2015-12-22T12:46:54.130Z,react-redux
4.0.4,2015-12-23T11:21:30.921Z,react-redux
4.0.5,2015-12-24T16:24:27.631Z,react-redux
4.0.6,2015-12-28T22:21:12.628Z,react-redux
4.1.0,2016-01-28T18:21:21.392Z,react-redux
4.1.1,2016-01-28T20:02:59.762Z,react-redux
4.1.2,2016-01-29T17:39:58.115Z,react-redux
4.2.0,2016-02-01T18:14:47.229Z,react-redux
4.2.1,2016-02-02T13:20:36.191Z,react-redux
4.3.0,2016-02-04T19:25:59.496Z,react-redux
4.4.0,2016-02-05T21:58:50.607Z,react-redux
4.4.1,2016-03-13T00:09:46.315Z,react-redux
4.4.10,2019-03-14T11:59:31.242Z,react-redux
4.4.2,2016-04-08T23:19:18.690Z,react-redux
4.4.3,2016-04-12T17:51:20.347Z,react-redux
4.4.4,2016-04-12T19:18:08.135Z,react-redux
4.4.5,2016-04-14T16:14:39.923Z,react-redux
4.4.6,2016-11-14T12:11:00.787Z,react-redux
4.4.7,2017-03-30T16:05:38.152Z,react-redux
4.4.8,2017-04-11T00:05:33.878Z,react-redux
4.4.9,2018-03-21T16:31:27.808Z,react-redux
5.0.0,2016-12-14T04:51:49.457Z,react-redux
5.0.0-alpha.1,2016-08-14T14:57:01.409Z,react-redux
5.0.0-beta.1,2016-08-27T01:08:57.751Z,react-redux
5.0.0-beta.2,2016-10-05T00:43:31.023Z,react-redux
5.0.0-beta.3,2016-10-05T14:03:34.882Z,react-redux
5.0.0-rc.1,2016-11-30T02:39:44.664Z,react-redux
5.0.0-rc.2,2016-12-13T06:10:52.609Z,react-redux
5.0.1,2016-12-14T17:24:29.275Z,react-redux
5.0.2,2017-01-11T01:45:53.008Z,react-redux
5.0.3,2017-02-23T19:16:00.066Z,react-redux
5.0.4,2017-04-09T13:48:05.593Z,react-redux
5.0.5,2017-05-18T04:33:14.010Z,react-redux
5.0.6,2017-08-08T18:28:19.267Z,react-redux
5.0.7,2018-02-16T21:44:37.174Z,react-redux
5.1.0,2018-10-25T20:27:08.893Z,react-redux
5.1.0-test.1,2018-06-21T20:17:31.390Z,react-redux
5.1.1,2018-11-10T21:43:35.004Z,react-redux
5.1.2,2019-10-08T20:13:27.080Z,react-redux
6.0.0,2018-12-05T01:02:29.569Z,react-redux
6.0.0-alpha.2a2f108,2018-09-20T03:11:43.444Z,react-redux
6.0.0-alpha.9210282,2018-09-20T02:30:43.792Z,react-redux
6.0.0-alpha.ede6245,2018-09-20T02:25:01.524Z,react-redux
6.0.0-beta.1,2018-11-06T21:40:15.941Z,react-redux
6.0.0-beta.2,2018-11-06T21:48:28.197Z,react-redux
6.0.0-beta.3,2018-11-23T19:53:42.766Z,react-redux
6.0.1,2019-02-20T03:57:48.108Z,react-redux
7.0.0,2019-04-09T03:54:21.361Z,react-redux
7.0.0-beta.0,2019-03-22T03:00:00.517Z,react-redux
7.0.0-beta.1,2019-04-04T04:46:28.447Z,react-redux
7.0.1,2019-04-09T04:11:23.725Z,react-redux
7.0.2,2019-04-12T20:24:18.452Z,react-redux
7.0.3,2019-04-28T16:37:37.835Z,react-redux
7.1.0,2019-06-11T02:11:02.313Z,react-redux
7.1.0-alpha.0,2019-04-22T03:23:18.445Z,react-redux
7.1.0-alpha.1,2019-04-22T15:56:29.831Z,react-redux
7.1.0-alpha.2,2019-04-28T16:45:16.744Z,react-redux
7.1.0-alpha.3,2019-04-28T16:49:36.296Z,react-redux
7.1.0-alpha.4,2019-05-01T05:30:22.955Z,react-redux
7.1.0-alpha.5,2019-05-20T00:19:39.747Z,react-redux
7.1.0-rc.1,2019-05-30T01:46:40.947Z,react-redux
7.1.1,2019-08-26T01:52:21.660Z,react-redux
7.1.2,2019-11-06T03:09:05.647Z,react-redux
7.1.2-alpha.0,2019-11-05T05:23:42.024Z,react-redux
7.1.3,2019-11-06T04:02:32.917Z,react-redux
7.2.0,2020-02-18T03:43:52.869Z,react-redux
7.2.1,2020-07-25T19:15:01.201Z,react-redux
7.2.2,2020-10-26T22:50:16.869Z,react-redux
7.2.3,2021-03-23T00:16:19.092Z,react-redux
0.0.0,2016-12-14T22:04:07.610Z,react-router-dom
0.0.0-experimental-b1ff171f,2020-05-27T16:13:44.417Z,react-router-dom
0.0.0-experimental-ffd8c7d0,2020-06-19T23:05:27.483Z,react-router-dom
4.0.0,2017-03-11T02:59:22.764Z,react-router-dom
4.0.0-beta.1,2017-01-30T16:00:00.324Z,react-router-dom
4.0.0-beta.2,2017-01-30T16:16:43.350Z,react-router-dom
4.0.0-beta.3,2017-01-30T22:16:05.849Z,react-router-dom
4.0.0-beta.4,2017-02-02T02:19:47.461Z,react-router-dom
4.0.0-beta.5,2017-02-07T07:14:34.580Z,react-router-dom
4.0.0-beta.6,2017-02-14T06:37:14.095Z,react-router-dom
4.0.0-beta.7,2017-03-03T17:07:10.111Z,react-router-dom
4.0.0-beta.8,2017-03-08T22:01:06.088Z,react-router-dom
4.1.0,2017-04-11T18:52:43.379Z,react-router-dom
4.1.1,2017-04-12T19:30:12.422Z,react-router-dom
4.1.2,2017-07-16T23:43:27.469Z,react-router-dom
4.2.0,2017-08-24T01:21:03.987Z,react-router-dom
4.2.1,2017-08-24T23:59:55.392Z,react-router-dom
4.2.2,2017-08-25T00:09:28.151Z,react-router-dom
4.3.0,2018-06-06T15:31:35.022Z,react-router-dom
4.3.0-rc.1,2018-03-26T20:35:34.411Z,react-router-dom
4.3.0-rc.2,2018-03-28T13:28:46.026Z,react-router-dom
4.3.0-rc.3,2018-04-26T20:41:59.927Z,react-router-dom
4.3.1,2018-06-06T19:27:51.418Z,react-router-dom
4.4.0,2019-03-16T01:07:10.793Z,react-router-dom
4.4.0-alpha.0,2018-06-06T19:46:59.078Z,react-router-dom
4.4.0-alpha.1,2018-06-26T17:30:42.169Z,react-router-dom
4.4.0-beta.0,2018-09-29T07:12:47.796Z,react-router-dom
4.4.0-beta.1,2018-09-30T07:20:15.910Z,react-router-dom
4.4.0-beta.2,2018-10-14T03:36:52.921Z,react-router-dom
4.4.0-beta.3,2018-10-15T18:53:38.315Z,react-router-dom
4.4.0-beta.4,2018-10-17T01:08:49.724Z,react-router-dom
4.4.0-beta.5,2018-10-30T22:30:56.975Z,react-router-dom
4.4.0-beta.6,2018-11-01T16:31:24.014Z,react-router-dom
4.4.0-beta.7,2019-03-02T01:15:40.557Z,react-router-dom
4.4.0-beta.8,2019-03-15T23:09:18.805Z,react-router-dom
5.0.0,2019-03-18T16:12:54.762Z,react-router-dom
5.0.1,2019-06-04T22:56:03.639Z,react-router-dom
5.1.0,2019-09-24T16:50:17.388Z,react-router-dom
5.1.1,2019-09-27T23:06:40.155Z,react-router-dom
5.1.2,2019-09-30T23:23:33.740Z,react-router-dom
5.2.0,2020-05-11T17:12:23.483Z,react-router-dom
6.0.0-alpha.0,2020-01-31T22:48:19.477Z,react-router-dom
6.0.0-alpha.1,2020-02-01T06:54:12.571Z,react-router-dom
6.0.0-alpha.2,2020-02-22T00:44:10.673Z,react-router-dom
6.0.0-alpha.3,2020-04-04T00:40:19.675Z,react-router-dom
6.0.0-alpha.4,2020-05-05T00:07:30.200Z,react-router-dom
6.0.0-alpha.5,2020-05-15T23:19:16.615Z,react-router-dom
6.0.0-beta.0,2020-06-19T23:02:28.331Z,react-router-dom
0.0.0,2016-07-18T21:49:37.594Z,react-scripts
0.1.0,2016-07-22T15:40:24.439Z,react-scripts
0.10.0-alpha.328cb32e,2017-03-16T21:47:54.938Z,react-scripts
0.10.0-alpha.f55d2212,2017-03-15T19:46:03.254Z,react-scripts
0.2.0,2016-07-28T19:51:43.562Z,react-scripts
0.2.0-alpha.1,2016-07-27T21:09:30.298Z,react-scripts
0.2.1,2016-08-01T14:57:39.677Z,react-scripts
0.2.2,2016-08-22T18:41:30.498Z,react-scripts
0.2.3,2016-08-25T13:41:33.001Z,react-scripts
0.3.0,2016-09-01T23:49:40.831Z,react-scripts
0.3.0-alpha,2016-08-04T20:11:22.114Z,react-scripts
0.3.0-beta,2016-09-01T01:22:29.450Z,react-scripts
0.3.1,2016-09-02T12:57:21.872Z,react-scripts
0.4.0,2016-09-02T21:04:55.548Z,react-scripts
0.4.1,2016-09-03T18:59:26.945Z,react-scripts
0.4.2,2016-09-18T11:47:38.006Z,react-scripts
0.4.3,2016-09-18T21:31:12.458Z,react-scripts
0.4.3-0,2016-09-18T21:12:28.243Z,react-scripts
0.5.0,2016-09-23T21:33:10.524Z,react-scripts
0.5.1,2016-09-23T23:52:30.072Z,react-scripts
0.6.0,2016-09-25T12:04:18.383Z,react-scripts
0.6.1,2016-09-27T14:57:17.276Z,react-scripts
0.7.0,2016-10-22T20:50:11.726Z,react-scripts
0.7.0-alpha.9c45b252,2016-11-22T11:59:56.448Z,react-scripts
0.7.0-alpha.e756d73a,2016-10-29T21:17:41.001Z,react-scripts
0.8.0,2016-12-03T16:03:45.234Z,react-scripts
0.8.1,2016-12-04T09:04:17.463Z,react-scripts
0.8.2,2016-12-07T21:31:14.579Z,react-scripts
0.8.3,2016-12-08T15:45:32.673Z,react-scripts
0.8.4,2016-12-11T11:50:30.994Z,react-scripts
0.8.5,2017-01-09T15:51:46.983Z,react-scripts
0.9.0,2017-02-11T03:33:48.727Z,react-scripts
0.9.1,2017-02-26T02:13:51.790Z,react-scripts
0.9.2,2017-02-26T13:50:54.502Z,react-scripts
0.9.3,2017-02-28T17:45:28.716Z,react-scripts
0.9.4,2017-03-06T19:12:10.720Z,react-scripts
0.9.5,2017-03-09T21:18:49.108Z,react-scripts
1.0.0,2017-05-19T04:36:24.974Z,react-scripts
1.0.0-alpha.02968ecd,2017-05-18T14:51:59.852Z,react-scripts
1.0.0-alpha.0d0536f9,2017-05-18T12:09:14.030Z,react-scripts
1.0.0-alpha.134d2297,2017-05-16T15:10:33.987Z,react-scripts
1.0.0-alpha.55afd862,2017-05-18T20:03:33.607Z,react-scripts
1.0.0-alpha.58689133,2017-05-16T08:50:47.396Z,react-scripts
1.0.0-alpha.c82c4f05,2017-05-18T00:25:26.992Z,react-scripts
1.0.0-alpha.dadf93b2,2017-05-16T14:44:57.262Z,react-scripts
1.0.0-alpha.e280254d,2017-05-16T15:58:50.386Z,react-scripts
1.0.1,2017-05-19T19:22:24.603Z,react-scripts
1.0.10,2017-06-29T18:04:03.084Z,react-scripts
1.0.11,2017-08-09T03:40:27.594Z,react-scripts
1.0.12,2017-08-28T02:27:12.346Z,react-scripts
1.0.13,2017-09-02T20:58:40.803Z,react-scripts
1.0.14,2017-09-27T00:20:11.914Z,react-scripts
1.0.15,2017-10-30T21:49:17.313Z,react-scripts
1.0.16,2017-10-31T10:41:30.168Z,react-scripts
1.0.17,2017-11-03T18:27:46.312Z,react-scripts
1.0.2,2017-05-20T18:20:59.227Z,react-scripts
1.0.3,2017-05-21T19:56:36.349Z,react-scripts
1.0.4,2017-05-22T11:43:55.129Z,react-scripts
1.0.5,2017-05-22T16:08:37.527Z,react-scripts
1.0.6,2017-05-24T12:22:36.072Z,react-scripts
1.0.7,2017-05-27T11:43:40.482Z,react-scripts
1.0.7-alpha.60ae2b6d,2017-06-28T15:13:28.416Z,react-scripts
1.0.8,2017-06-28T16:30:42.702Z,react-scripts
1.0.9,2017-06-29T12:11:46.948Z,react-scripts
1.1.0,2018-01-15T00:53:56.183Z,react-scripts
1.1.1,2018-02-09T13:21:06.031Z,react-scripts
1.1.2,2018-04-02T23:48:39.865Z,react-scripts
1.1.3,2018-04-03T17:30:57.579Z,react-scripts
1.1.4,2018-04-04T00:27:55.140Z,react-scripts
1.1.5,2018-08-22T18:58:59.558Z,react-scripts
2.0.0,2018-09-26T18:04:38.036Z,react-scripts
2.0.0-next.03604a46,2018-02-07T01:58:39.237Z,react-scripts
2.0.0-next.096703ab,2018-01-18T03:47:09.342Z,react-scripts
2.0.0-next.2150693d,2018-09-21T20:49:18.727Z,react-scripts
2.0.0-next.3e165448,2018-06-18T01:42:14.342Z,react-scripts
2.0.0-next.47d2d941,2018-02-07T02:28:46.188Z,react-scripts
2.0.0-next.66cc7a90,2018-04-21T17:22:42.083Z,react-scripts
2.0.0-next.9754a231,2018-01-18T05:21:15.576Z,react-scripts
2.0.0-next.a671462c,2018-08-24T15:12:38.354Z,react-scripts
2.0.0-next.b2fd8db8,2018-03-21T18:59:03.890Z,react-scripts
2.0.0-next.fb6e6f70,2018-09-25T15:57:14.834Z,react-scripts
2.0.1,2018-09-28T12:54:53.055Z,react-scripts
2.0.2,2018-10-01T16:22:29.565Z,react-scripts
2.0.3,2018-10-02T00:55:34.267Z,react-scripts
2.0.4,2018-10-03T20:02:17.670Z,react-scripts
2.0.5,2018-10-14T19:05:54.637Z,react-scripts
2.0.6-next.9b4009d7,2018-10-24T01:20:56.705Z,react-scripts
2.0.6-next.c662dfb0,2018-10-25T14:03:06.362Z,react-scripts
2.1.0,2018-10-30T03:41:10.360Z,react-scripts
2.1.1,2018-11-01T03:30:08.747Z,react-scripts
2.1.2,2018-12-23T18:53:29.433Z,react-scripts
2.1.3,2019-01-04T18:54:05.060Z,react-scripts
2.1.3-next.6a95aae9,2019-01-04T18:34:02.249Z,react-scripts
2.1.4,2019-02-10T21:48:44.398Z,react-scripts
2.1.5,2019-02-11T16:37:06.235Z,react-scripts
2.1.6,2019-03-06T23:17:38.078Z,react-scripts
2.1.7,2019-03-07T00:40:41.144Z,react-scripts
2.1.8,2019-03-07T00:53:37.511Z,react-scripts
3.0.0,2019-04-22T18:50:48.854Z,react-scripts
3.0.0-next.68,2019-04-17T16:04:16.177Z,react-scripts
3.0.0-next.b0cbf2ca,2019-03-15T18:21:02.110Z,react-scripts
3.0.1,2019-05-08T17:32:05.351Z,react-scripts
3.1.0,2019-08-09T22:37:50.473Z,react-scripts
3.1.1,2019-08-13T19:42:09.998Z,react-scripts
3.1.2,2019-09-19T17:48:14.187Z,react-scripts
3.2.0,2019-10-03T04:18:37.513Z,react-scripts
3.3.0,2019-12-05T00:05:24.841Z,react-scripts
3.3.0-next.38,2019-10-24T22:34:29.560Z,react-scripts
3.3.0-next.39,2019-10-24T23:40:35.482Z,react-scripts
3.3.0-next.62,2019-11-14T22:28:00.823Z,react-scripts
3.3.0-next.80,2019-12-04T23:54:46.570Z,react-scripts
3.3.1,2020-01-31T04:06:02.483Z,react-scripts
3.4.0,2020-02-14T18:45:39.009Z,react-scripts
3.4.1,2020-03-21T00:00:30.559Z,react-scripts
3.4.2,2020-08-11T09:44:59.651Z,react-scripts
3.4.3,2020-08-12T16:51:29.319Z,react-scripts
3.4.4,2020-10-20T21:54:43.371Z,react-scripts
4.0.0,2020-10-23T14:41:06.984Z,react-scripts
4.0.0-next.116,2020-10-23T03:56:37.494Z,react-scripts
4.0.0-next.117,2020-10-23T04:24:06.336Z,react-scripts
4.0.0-next.64,2020-07-30T03:41:32.150Z,react-scripts
4.0.0-next.77,2020-08-05T17:32:46.373Z,react-scripts
4.0.0-next.96,2020-09-16T22:49:29.970Z,react-scripts
4.0.0-next.98,2020-09-16T23:21:24.900Z,react-scripts
4.0.1,2020-11-23T05:30:00.952Z,react-scripts
4.0.2,2021-02-03T18:58:10.780Z,react-scripts
4.0.3,2021-02-22T18:22:29.697Z,react-scripts
0.0.1,2016-05-30T03:00:46.962Z,react-text-mask
0.10.0,2016-06-11T18:45:30.203Z,react-text-mask
0.11.0,2016-06-19T04:41:46.156Z,react-text-mask
0.11.1,2016-06-19T05:05:40.019Z,react-text-mask
0.12.0,2016-06-26T03:46:25.063Z,react-text-mask
0.13.0,2016-07-08T03:43:11.383Z,react-text-mask
0.14.0,2016-07-16T23:52:44.613Z,react-text-mask
0.14.1,2016-07-17T00:59:39.498Z,react-text-mask
0.15.0,2016-07-17T20:12:39.230Z,react-text-mask
0.15.1,2016-07-19T03:55:37.646Z,react-text-mask
0.16.0,2016-07-24T05:54:12.698Z,react-text-mask
0.17.0,2016-08-06T22:15:34.086Z,react-text-mask
0.17.1,2016-08-07T19:58:02.008Z,react-text-mask
0.17.2,2016-08-07T21:39:39.289Z,react-text-mask
0.17.3,2016-08-15T00:06:02.409Z,react-text-mask
0.17.4,2016-08-26T02:18:21.681Z,react-text-mask
0.17.5,2016-08-27T02:26:58.436Z,react-text-mask
0.18.0,2016-09-03T18:17:28.138Z,react-text-mask
0.18.1,2016-09-11T23:00:50.342Z,react-text-mask
0.18.2,2016-09-24T03:09:55.142Z,react-text-mask
0.18.3,2016-09-24T23:23:00.253Z,react-text-mask
0.19.0,2016-11-12T23:28:03.090Z,react-text-mask
0.8.2,2016-06-04T03:21:20.110Z,react-text-mask
0.8.3,2016-06-04T03:23:54.461Z,react-text-mask
0.9.0,2016-06-05T22:29:56.746Z,react-text-mask
1.0.0,2017-02-18T21:26:18.747Z,react-text-mask
2.0.0,2017-02-25T03:16:30.905Z,react-text-mask
2.1.0,2017-02-27T19:33:27.647Z,react-text-mask
2.2.0,2017-02-28T08:38:44.658Z,react-text-mask
2.2.1,2017-03-11T12:33:28.270Z,react-text-mask
2.3.0,2017-03-12T15:41:15.472Z,react-text-mask
2.3.1,2017-03-20T21:24:27.104Z,react-text-mask
3.0.0,2017-03-22T23:10:11.304Z,react-text-mask
4.0.0,2017-03-31T08:48:22.868Z,react-text-mask
4.1.0,2017-03-31T12:22:39.193Z,react-text-mask
5.0.0,2017-04-15T19:31:39.780Z,react-text-mask
5.0.1,2017-04-18T07:22:21.674Z,react-text-mask
5.0.2,2017-05-12T21:25:33.509Z,react-text-mask
5.1.0,2018-01-07T18:06:12.981Z,react-text-mask
5.2.0,2018-03-15T21:46:15.878Z,react-text-mask
5.2.1,2018-03-21T18:59:58.162Z,react-text-mask
5.3.0,2018-04-05T17:51:04.570Z,react-text-mask
5.3.1,2018-04-20T19:21:10.908Z,react-text-mask
5.3.2,2018-04-27T21:57:57.217Z,react-text-mask
5.4.0,2018-04-29T16:29:50.041Z,react-text-mask
5.4.1,2018-05-07T18:48:44.625Z,react-text-mask
5.4.2,2018-06-14T20:52:48.462Z,react-text-mask
5.4.3,2018-07-25T19:33:26.991Z,react-text-mask
0.0.1,2011-10-07T07:17:24.419Z,redux
0.0.2,2011-10-07T10:29:50.488Z,redux
0.0.3,2011-10-08T07:56:01.457Z,redux
0.0.4,2011-10-09T08:55:18.881Z,redux
0.1.0,2015-05-31T11:34:20.617Z,redux
0.10.0,2015-06-13T04:34:52.488Z,redux
0.10.1,2015-06-13T20:13:05.091Z,redux
0.11.0,2015-06-14T19:24:00.384Z,redux
0.11.1,2015-06-16T15:24:28.227Z,redux
0.12.0,2015-06-19T00:36:11.994Z,redux
0.2.0,2015-06-02T14:29:57.175Z,redux
0.2.1,2015-06-02T14:36:43.995Z,redux
0.2.2,2015-06-02T18:42:57.982Z,redux
0.3.0,2015-06-03T00:51:58.577Z,redux
0.3.1,2015-06-03T00:53:08.796Z,redux
0.4.0,2015-06-03T11:04:59.486Z,redux
0.5.0,2015-06-03T11:33:12.657Z,redux
0.5.1,2015-06-03T12:06:30.666Z,redux
0.6.0,2015-06-04T12:23:17.185Z,redux
0.6.1,2015-06-04T13:42:40.279Z,redux
0.6.2,2015-06-04T14:02:11.291Z,redux
0.7.0,2015-06-05T23:29:10.331Z,redux
0.8.0,2015-06-06T16:42:38.243Z,redux
0.8.1,2015-06-06T20:56:03.719Z,redux
0.9.0,2015-06-09T09:55:30.594Z,redux
1.0.0,2015-08-14T16:12:19.131Z,redux
1.0.0-alpha,2015-06-30T21:59:56.341Z,redux
1.0.0-rc,2015-07-13T18:33:59.715Z,redux
1.0.1,2015-08-15T10:21:22.386Z,redux
2.0.0,2015-09-01T01:26:23.002Z,redux
3.0.0,2015-09-12T23:50:19.553Z,redux
3.0.1,2015-09-25T22:26:23.545Z,redux
3.0.2,2015-09-26T09:02:42.993Z,redux
3.0.3,2015-10-20T13:16:58.770Z,redux
3.0.4,2015-10-23T11:50:44.534Z,redux
3.0.5,2015-12-12T17:46:06.649Z,redux
3.0.6,2016-01-25T01:27:03.248Z,redux
3.1.0,2016-01-28T18:11:34.685Z,redux
3.1.1,2016-01-28T18:51:13.929Z,redux
3.1.2,2016-01-28T20:00:46.814Z,redux
3.1.3,2016-01-29T17:24:13.190Z,redux
3.1.4,2016-01-29T17:48:28.266Z,redux
3.1.5,2016-01-30T09:40:53.581Z,redux
3.1.6,2016-01-31T02:02:05.220Z,redux
3.1.7,2016-01-31T23:16:04.715Z,redux
3.2.0,2016-02-01T17:39:00.809Z,redux
3.2.1,2016-02-02T11:56:28.459Z,redux
3.3.0,2016-02-05T22:07:27.815Z,redux
3.3.1,2016-02-06T22:10:34.478Z,redux
3.4.0,2016-04-08T22:57:37.173Z,redux
3.5.0,2016-04-20T00:03:47.904Z,redux
3.5.1,2016-04-20T10:31:17.807Z,redux
3.5.2,2016-04-24T12:20:45.108Z,redux
3.6.0,2016-09-04T18:24:17.057Z,redux
3.7.0,2017-06-17T02:43:26.465Z,redux
3.7.1,2017-06-26T02:59:48.516Z,redux
3.7.2,2017-07-13T00:13:14.361Z,redux
4.0.0,2018-04-17T19:25:08.035Z,redux
4.0.0-beta.1,2017-11-16T15:02:08.574Z,redux
4.0.0-beta.2,2018-02-15T21:30:18.571Z,redux
4.0.0-rc.1,2018-04-10T16:08:17.078Z,redux
4.0.1,2018-10-13T04:31:05.628Z,redux
4.0.2,2019-07-09T02:11:09.466Z,redux
4.0.3,2019-07-09T16:06:37.804Z,redux
4.0.4,2019-07-10T19:02:21.477Z,redux
4.0.5,2019-12-24T02:23:00.903Z,redux
0.1.0,2015-07-13T13:37:49.846Z,redux-thunk
1.0.0,2015-09-17T17:36:45.457Z,redux-thunk
1.0.1,2015-12-13T20:22:23.607Z,redux-thunk
1.0.2,2015-12-14T08:59:28.515Z,redux-thunk
1.0.3,2015-12-28T22:31:23.546Z,redux-thunk
2.0.0,2016-03-06T13:02:42.003Z,redux-thunk
2.0.1,2016-03-06T13:12:06.001Z,redux-thunk
2.1.0,2016-05-10T15:11:33.770Z,redux-thunk
2.1.1,2017-01-18T06:15:43.554Z,redux-thunk
2.1.2,2017-01-18T08:11:13.223Z,redux-thunk
2.2.0,2017-01-18T08:12:30.464Z,redux-thunk
2.3.0,2018-05-28T18:44:08.278Z,redux-thunk
